# kind	iso2	lat	lon	population	names (| separated). Generated by tools/assetgen from Natural Earth (public domain).
C	ZW	-18.91	29.93	14645468	Zimbabwe|Simbabwe
C	ZM	-14.66	26.40	17861030	Zambia|Sambia
C	YE	15.33	45.87	29161922	Yemen|Jemen
C	VN	21.72	105.39	96462106	Vietnam
C	VE	7.18	-64.60	28515829	Venezuela
C	VA	41.90	12.45	825	Vatican|Vatican City|Vatikanstadt
C	VU	-15.37	166.91	299882	Vanuatu
C	UZ	41.69	64.01	33580650	Uzbekistan|Usbekistan
C	UY	-32.96	-55.97	3461734	Uruguay
C	FM	6.89	158.23	113815	Federated States of Micronesia|Micronesia|Föderierte Staaten von Mikronesien
C	MH	7.08	171.19	58791	Marshall Islands|Marshallinseln
C	MP	15.19	145.73	57216	Northern Mariana Islands|Nördliche Marianen
C	VI	17.75	-64.78	106631	United States Virgin Islands|Amerikanische Jungferninseln
C	GU	13.35	144.70	167294	Guam
C	AS	-14.33	-170.75	55312	American Samoa|Amerikanisch-Samoa
C	PR	18.23	-66.48	3193694	Puerto Rico
C	US	39.54	-97.48	328239523	United States|United States of America|Vereinigte Staaten
C	GS	-55.68	-31.06	30	South Georgia and the Islands|South Georgia and the South Sandwich Islands|Südgeorgien und die Südlichen Sandwichinseln
C	IO	-6.19	71.35	3000	British Indian Ocean Territory|Britisches Territorium im Indischen Ozean
C	SH	-15.95	-5.71	4534	Saint Helena
C	PN	-24.36	-128.32	54	Pitcairn Islands|Pitcairninseln
C	AI	18.24	-63.03	14731	Anguilla
C	FK	-51.61	-58.74	3398	Falkland Islands / Malvinas|Falkland Islands|Falklandinseln
C	KY	19.32	-81.24	64948	Cayman Islands
C	BM	32.30	-64.76	63918	Bermuda
C	VG	18.43	-64.64	30030	British Virgin Islands|Britische Jungferninseln
C	TC	21.82	-71.75	38191	Turks and Caicos Islands|Turks- und Caicosinseln
C	MS	16.74	-62.19	4649	Montserrat
C	JE	49.22	-2.09	107800	Jersey
C	GG	49.46	-2.56	62792	Guernsey
C	IM	54.22	-4.53	84584	Isle of Man
C	GB	54.40	-2.12	66834405	United Kingdom|Vereinigtes Königreich
C	AE	23.47	54.55	9770529	United Arab Emirates|Vereinigte Arabische Emirate
C	UA	49.72	32.14	44385155	Ukraine
C	UG	1.97	32.95	44269594	Uganda
C	TM	39.86	58.68	5942089	Turkmenistan
C	TR	39.35	34.51	83429615	Turkey|Türkei
C	TN	33.69	9.01	11694719	Tunisia|Tunesien
C	TT	11.00	-60.92	1394973	Trinidad and Tobago|Trinidad und Tobago
C	TO	-21.21	-175.16	104494	Tonga
C	TG	8.81	1.06	8082366	Togo
C	TL	-8.80	125.85	1293119	Timor-Leste|East Timor|Osttimor
C	TH	15.46	101.07	69625582	Thailand
C	TZ	-6.05	34.96	58005463	Tanzania|Tansania|United Republic of Tanzania
C	TJ	38.20	72.59	9321018	Tajikistan|Tadschikistan
C	TW	23.65	120.87	23568378	Taiwan|Republik China
C	SY	35.01	38.28	17070135	Syria|Syrien
C	CH	46.72	7.46	8574832	Switzerland|Schweiz
C	SE	65.86	19.02	10285453	Sweden|Schweden
C	SZ	-26.53	31.47	1148130	Kingdom of eSwatini|Eswatini|eSwatini
C	SR	4.14	-55.91	581363	Suriname
C	SS	7.23	30.39	11062113	South Sudan|Südsudan
C	SD	16.33	29.26	42813238	Sudan
C	LK	7.58	80.70	21803000	Sri Lanka
C	ES	40.09	-3.46	47076781	Spain|Spanien
C	KR	36.38	128.13	51709098	Republic of Korea|South Korea|Südkorea
C	ZA	-29.71	23.67	58558270	South Africa|Südafrika
C	SO	3.57	45.19	10192317	Somalia
C	-99	9.44	46.73	5096159	Somaliland
C	SB	-8.03	159.17	669823	Solomon Islands|Salomonen
C	SK	48.73	19.05	5454073	Slovakia|Slowakei
C	SI	46.06	14.92	2087946	Slovenia|Slowenien
C	SG	1.37	103.82	5703569	Singapore|Singapur
C	SL	8.62	-11.76	7813215	Sierra Leone
C	SC	-4.68	55.48	97625	Seychelles|Seychellen
C	RS	44.19	20.79	6944975	Serbia|Serbien|Republic of Serbia
C	SN	15.14	-14.78	16296364	Senegal
C	SA	23.81	44.70	34268528	Saudi Arabia|Saudi-Arabien
C	ST	0.97	7.02	215056	São Tomé and Principe|São Tomé and Príncipe|São Tomé und Príncipe
C	SM	43.93	12.44	33860	San Marino
C	WS	-13.64	-172.44	197097	Samoa
C	VC	13.09	-61.34	110589	Saint Vincent and the Grenadines
C	LC	13.89	-60.98	182790	Saint Lucia
C	KN	17.34	-62.76	52834	Saint Kitts and Nevis
C	RW	-1.90	30.10	12626950	Rwanda|Ruanda
C	RU	58.25	44.69	144373535	Russian Federation|Russia|Russland
C	RO	45.73	24.97	19356544	Romania|Rumänien
C	QA	25.24	51.14	2832067	Qatar|Katar
C	PT	39.61	-8.27	10269417	Portugal
C	PL	51.99	19.49	37970874	Poland|Polen
C	PH	11.20	122.47	108116615	Philippines|Philippinen
C	PE	-12.98	-72.90	32510453	Peru
C	PY	-21.67	-60.15	7044636	Paraguay
C	PG	-5.70	143.91	8776109	Papua New Guinea|Papua-Neuguinea
C	PA	8.72	-80.35	4246439	Panama
C	PW	7.52	134.58	18008	Palau
C	PK	29.33	68.55	216565318	Pakistan
C	OM	22.12	57.34	4974986	Oman
C	NO	61.36	9.68	5347896	Norway|Norwegen
C	KP	39.89	126.44	25666161	North Korea|Nordkorea
C	NG	9.44	7.50	200963599	Nigeria
C	NE	17.45	9.50	23310715	Niger
C	NI	12.67	-85.07	6545502	Nicaragua
C	NZ	-39.76	172.79	4917000	New Zealand|Neuseeland
C	NU	-19.05	-169.86	1620	Niue
C	CK	-21.22	-159.79	17459	Cook Islands|Cookinseln
C	NL	52.42	5.61	17332850	Netherlands|Niederlande
C	AW	12.52	-69.97	106314	Aruba
C	CW	12.15	-68.92	157538	Curaçao
C	NP	28.30	83.64	28608710	Nepal
C	NR	-0.52	166.93	12581	Nauru
C	NA	-20.58	17.11	2494530	Namibia
C	MZ	-13.94	37.84	30366036	Mozambique|Mosambik
C	MA	31.65	-7.19	36471769	Morocco|Marokko
C	EH	23.97	-12.63	603253	Western Sahara|Westsahara
C	ME	42.80	19.14	622137	Montenegro
C	MN	46.00	104.15	3225167	Mongolia|Mongolei
C	MD	47.43	28.49	2657637	Moldova|Republik Moldau
C	MC	43.74	7.40	38964	Monaco
C	MX	23.92	-102.29	127575529	Mexico|Mexiko
C	MU	-20.30	57.57	1265711	Mauritius
C	MR	19.59	-9.74	4525696	Mauritania|Mauretanien
C	MT	35.89	14.43	502653	Malta
C	ML	18.69	-2.04	19658031	Mali
C	MV	4.17	73.51	530953	Maldives|Malediven
C	MY	2.53	113.84	31949777	Malaysia
C	MW	-13.39	33.61	18628747	Malawi
C	MG	-18.63	46.70	26969307	Madagascar|Madagaskar
C	MK	41.56	21.56	2083459	North Macedonia|Nordmazedonien
C	LU	49.73	6.08	619896	Luxembourg|Luxemburg
C	LT	55.10	24.09	2786844	Lithuania|Litauen
C	LI	47.11	9.56	38019	Liechtenstein
C	LY	26.64	18.01	6777452	Libya|Libyen
C	LR	6.45	-9.46	4937374	Liberia
C	LS	-29.48	28.25	2125268	Lesotho
C	LB	34.13	35.99	6855713	Lebanon|Libanon
C	LV	57.07	25.46	1912789	Latvia|Lettland
C	LA	19.43	102.53	7169455	Lao PDR|Laos
C	KG	41.67	74.53	6456900	Kyrgyzstan|Kirgisistan
C	KW	29.41	47.31	4207083	Kuwait
C	XK	42.59	20.86	1794248	Kosovo
C	KI	1.82	-157.38	117606	Kiribati
C	KE	0.55	37.91	52573973	Kenya|Kenia
C	KZ	49.05	68.69	18513930	Kazakhstan|Kasachstan
C	JO	30.81	36.38	10101694	Jordan|Jordanien
C	JP	36.14	138.44	126264931	Japan
C	JM	18.14	-77.32	2948279	Jamaica|Jamaika
C	IT	44.73	11.08	60297396	Italy|Italien
C	IL	30.91	34.85	9053300	Israel
C	PS	32.05	35.29	4685306	Palestine|Palästina
C	IE	53.08	-7.80	4941444	Ireland|Irland
C	IQ	33.09	43.26	39309783	Iraq|Irak
C	IR	32.17	54.93	82913906	Iran
C	ID	-0.95	101.89	270625568	Indonesia|Indonesien
C	IN	22.69	79.36	1366417754	India|Indien
C	IS	64.78	-18.67	361313	Iceland|Island
C	HU	47.09	19.45	9769949	Hungary|Ungarn
C	HN	14.79	-86.89	9746117	Honduras
C	HT	19.26	-72.22	11263077	Haiti
C	GY	5.12	-58.94	782766	Guyana
C	GW	12.16	-14.52	1920922	Guinea-Bissau
C	GN	10.62	-10.02	12771246	Guinea
C	GT	14.98	-90.50	16604026	Guatemala
C	GD	12.11	-61.68	112003	Grenada
C	GR	39.49	21.73	10716322	Greece|Griechenland
C	GH	7.72	-1.04	30417856	Ghana
C	DE	50.96	9.68	83132799	Germany|Deutschland
C	GE	41.87	43.74	3720382	Georgia|Georgien
C	GM	13.64	-15.00	2347706	The Gambia|Gambia
C	GA	-0.44	11.84	2172579	Gabon|Gabun
C	FR	46.70	2.55	67059887	France|Frankreich
C	PM	47.04	-56.33	5997	Saint Pierre and Miquelon|Saint-Pierre und Miquelon
C	WF	-14.29	-178.14	11558	Wallis and Futuna Islands|Wallis and Futuna|Wallis und Futuna
C	MF	18.08	-63.05	38002	Saint-Martin|Saint Martin|St-Martin
C	BL	17.90	-62.83	9961	Saint-Barthélemy|Saint Barthélemy|St-Barthélemy|Saint Barthelemy
C	PF	-17.63	-149.46	279287	French Polynesia|Französisch-Polynesien
C	NC	-21.06	165.08	287800	New Caledonia|Neukaledonien
C	TF	-49.30	69.12	140	French Southern and Antarctic Lands|Französische Süd- und Antarktisgebiete
C	AX	60.16	19.87	29884	Åland Islands|Åland|Aland
C	FI	63.25	27.28	5520314	Finland|Finnland
C	FJ	-17.83	177.98	889953	Fiji|Fidschi
C	ET	8.03	39.09	112078730	Ethiopia|Äthiopien
C	EE	58.72	25.87	1326590	Estonia|Estland
C	ER	15.79	38.29	6081196	Eritrea
C	GQ	2.33	8.99	1355986	Equatorial Guinea|Äquatorialguinea
C	SV	13.69	-88.89	6453553	El Salvador
C	EG	26.19	29.45	100388073	Egypt|Ägypten
C	EC	-1.26	-78.19	17373662	Ecuador
C	DO	19.10	-70.65	10738958	Dominican Republic|Dominikanische Republik
C	DM	15.46	-61.34	71808	Dominica
C	DJ	11.98	42.50	973560	Djibouti|Dschibuti
C	GL	74.32	-39.34	56225	Greenland|Grönland
C	FO	62.19	-7.06	48678	Faeroe Islands|Faroe Islands|Färöer
C	DK	55.97	9.02	5818553	Denmark|Dänemark
C	CZ	49.88	15.38	10669709	Czech Republic|Czechia|Tschechien
C	-99	35.22	33.69	326000	Northern Cyprus|Turkish Republic of Northern Cyprus|Türkische Republik Nordzypern
C	CY	34.91	33.08	1198575	Cyprus|Republik Zypern
C	CU	21.33	-77.98	11333483	Cuba|Kuba
C	HR	45.81	16.37	4067500	Croatia|Kroatien
C	CI	7.49	-5.57	25716544	Côte d'Ivoire|Ivory Coast|Elfenbeinküste
C	CR	10.07	-84.08	5047561	Costa Rica
C	CD	-1.86	23.46	86790567	Democratic Republic of the Congo|Demokratische Republik Kongo
C	CG	0.14	15.90	5380508	Republic of the Congo|Congo|Republik Kongo
C	KM	-11.73	43.32	850886	Comoros|Komoren
C	CO	3.37	-73.17	50339443	Colombia|Kolumbien
C	CN	32.50	106.34	1397715000	China|People's Republic of China|Volksrepublik China
C	MO	22.13	113.56	640445	Macao|Macau
C	HK	22.45	114.10	7507400	Hong Kong|Hongkong
C	CL	-38.15	-72.32	18952038	Chile
C	TD	15.14	18.65	15946876	Chad|Tschad
C	CF	6.99	20.91	4745185	Central African Republic|Zentralafrikanische Republik
C	CV	15.07	-23.64	549935	Republic of Cabo Verde|Cape Verde|Cabo Verde|Kap Verde
C	CA	60.32	-101.91	37589262	Canada|Kanada
C	CM	4.59	12.47	25876380	Cameroon|Kamerun
C	KH	12.65	104.50	16486542	Cambodia|Kambodscha
C	MM	21.57	95.80	54045420	Myanmar
C	BI	-3.33	29.92	11530580	Burundi
C	BF	12.67	-1.36	20321378	Burkina Faso
C	BG	42.51	25.16	6975761	Bulgaria|Bulgarien
C	BN	4.45	114.55	433285	Brunei Darussalam|Brunei
C	BR	-12.10	-49.56	211049527	Brazil|Brasilien
C	BW	-22.10	24.18	2303697	Botswana
C	BA	44.09	18.07	3301000	Bosnia and Herzegovina|Bosnien und Herzegowina
C	BO	-16.67	-64.59	11513100	Bolivia|Bolivien
C	BT	27.54	90.04	763092	Bhutan
C	BJ	10.32	2.35	11801151	Benin
C	BZ	17.20	-88.71	390353	Belize
C	BE	50.79	4.80	11484055	Belgium|Belgien
C	BY	53.82	28.42	9466856	Belarus
C	BB	13.16	-59.57	287025	Barbados
C	BD	24.21	89.68	163046161	Bangladesh|Bangladesch
C	BH	26.06	50.55	1641172	Bahrain
C	BS	26.40	-77.15	389482	Bahamas|The Bahamas
C	AZ	40.40	47.21	10023318	Azerbaijan|Aserbaidschan
C	AT	47.52	14.13	8877067	Austria|Österreich
C	AU	-24.13	134.05	25364307	Australia|Australien
C	AU	-10.49	105.67	2387	Indian Ocean Territories|Australian Indian Ocean Territories|Australische Territorien im Indischen Ozean
C	HM	-53.10	73.51	0	Heard Island and McDonald Islands|Heard und McDonaldinseln
C	NF	-29.03	167.95	2169	Norfolk Island|Norfolkinsel
C	AU	-12.43	123.59	0	Ashmore and Cartier Islands|Ashmore- und Cartierinseln
C	AM	40.46	44.80	2957731	Armenia|Armenien
C	AR	-33.50	-64.17	44938712	Argentina|Argentinien
C	AG	17.35	-61.79	97118	Antigua and Barbuda|Antigua und Barbuda
C	AO	-12.18	17.98	31825295	Angola
C	AD	42.55	1.54	77142	Andorra
C	DZ	27.40	2.81	43053054	Algeria|Algerien
C	AL	40.65	20.11	2854191	Albania|Albanien
C	AF	34.16	66.50	38041754	Afghanistan
C	-99	35.34	77.13	6000	Siachen Glacier|Siachen-Gletscher
C	AQ	-79.84	35.89	4490	Antarctica|Antarktika
C	SX	18.04	-63.07	40733	Sint Maarten
C	TV	-8.51	179.21	11646	Tuvalu
P	VN	20.450	106.333	210000	Thái Bình|Thai Binh
P	VN	10.969	106.653	244277	Thu Dau Mot|Thủ Dầu Một
P	TR	40.767	30.400	286787	Sakarya|Adapazarı
P	TR	36.233	36.117	154803	Antakya
P	RO	45.292	27.969	213569	Brăila|Braila
P	TH	6.864	101.250	150000	Pattani
P	NG	5.532	7.486	264662	Umuahia
P	NG	5.008	7.850	554906	Uyo
P	NG	5.493	7.026	215038	Owerri
P	KP	38.507	125.762	154942	Sariwon|Sariwŏn
P	MY	3.067	101.550	481654	Shah Alam
P	EG	30.592	30.900	182900	Shibin el Kom|Shibin Al Kawm|Schibin al-Kaum
P	EG	30.467	31.183	167029	Benha|Banha
P	EG	30.583	31.517	285097	Zagazig
P	KW	29.333	48.000	164212	Hawalli
P	DO	18.416	-70.109	154040	San Cristóbal|San Cristobal
P	GN	8.554	-10.151	221715	Gueckedou|Guéckédougou|Guéckédou
P	AF	31.583	64.360	201546	Lashkar Gah|Laschkar Gah
P	DZ	35.700	4.545	150000	M'sila|M'Sila
P	MM	20.782	97.038	160115	Taunggyi
P	-99	10.583	47.333	180000	Ceerigaabo|Erigavo|Erigabo
P	NG	11.749	11.966	255895	Damaturu
P	DE	49.982	8.273	184997	Mainz
P	IQ	36.867	43.000	986000	Duhok|Dahuk|Dohuk
P	IQ	34.194	43.875	158508	Samarra
P	TW	24.957	121.299	172065	Bade
P	TW	24.944	121.216	201632	Pingzhen
P	TW	24.989	121.311	500000	Taoyuan
P	TW	24.917	121.150	175000	Yangmei
P	TW	24.750	121.750	150000	Yilan|Yilan City
P	TW	24.833	121.012	200000	Zhubei
P	UY	-34.970	-54.950	159000	Punta del Este
P	US	33.582	-112.196	500000	Glendale
P	US	33.424	-111.736	1085394	Mesa
P	US	37.874	-122.271	496356	Berkeley
P	US	32.672	-117.098	150000	National City
P	US	33.942	-117.398	297554	Riverside
P	US	37.557	-122.313	626406	San Mateo
P	US	39.696	-104.808	587540	Aurora
P	US	39.114	-94.630	501577	Kansas City
P	US	29.984	-90.153	394206	Metairie
P	US	26.203	-98.230	364004	McAllen
P	US	29.661	-95.148	628492	Pasadena
P	US	32.685	-97.020	724777	Arlington
P	VE	8.600	-70.250	284289	Barinas
P	VE	9.320	-70.620	191167	Valera
P	VE	10.430	-71.450	441094	Cabimas
P	VE	9.050	-69.750	151642	Guanare
P	US	41.053	-73.539	746920	Stamford
P	US	41.550	-73.050	174236	Waterbury
P	US	42.120	-72.580	421780	Springfield
P	US	42.522	-70.883	335509	Salem
P	US	28.083	-80.608	265414	Melbourne
P	US	28.790	-81.280	333460	Sanford
P	US	25.810	-80.132	407750	Miami Beach
P	US	26.271	-80.271	250000	Coral Springs
P	US	41.530	-88.107	578460	Joliet
P	US	42.270	-89.070	255978	Rockford
P	US	42.048	-87.700	350000	Evanston
P	US	41.493	-90.535	165728	Rock Island
P	US	42.039	-88.290	389514	Elgin
P	US	41.683	-86.250	239822	South Bend
P	US	36.000	-78.920	309495	Durham
P	US	35.223	-89.841	286423	Barlett|Bartlett
P	US	37.030	-76.350	366766	Hampton
P	US	43.012	-88.231	249912	Waukesha
P	US	44.269	-88.401	203665	Appleton
P	US	40.920	-74.170	151205	Paterson
P	US	41.700	-73.921	170996	Poughkeepsie
P	US	40.038	-76.306	209489	Lancaster
P	US	40.600	-75.500	496442	Allentown
P	VE	10.170	-64.680	546616	Puerto la Cruz|Puerto La Cruz
P	VE	10.420	-67.020	303470	Los Teques
P	VE	10.120	-66.780	166072	Ocumare del Tuy
P	TT	10.280	-61.459	166039	San Fernando
P	ES	36.517	-4.883	186131	Marbella
P	ES	41.540	2.450	183293	Mataró|Mataro
P	SY	35.540	35.780	539147	Latakia|Al Ladhiqiyah
P	SY	33.583	36.400	496145	Douma|Duma
P	YE	14.557	44.387	191259	Dhamar
P	YE	13.976	44.171	234837	Ibb
P	UA	46.968	31.984	510840	Mykolayiv|Mykolaiv|Mykolajiw
P	UA	51.505	31.302	307684	Chernihiv|Tschernihiw
P	UA	49.425	27.002	398346	Khmelnytskyy|Khmelnytskyi|Chmelnyzkyj
P	UA	48.630	22.250	150832	Uzhgorod|Uzhhorod|Uschhorod
P	UA	49.774	30.131	199163	Bila Tserkva|Bila Zerkwa
P	UA	47.928	33.345	652380	Kryvyy Rih|Kryvyi Rih|Krywyj Rih
P	UA	48.030	37.975	376610	Makiyivka|Makiivka|Makijiwka
P	UA	48.300	38.055	396885	Horlivka|Horliwka
P	UA	48.719	37.534	184105	Kramatorsk
P	AE	25.371	55.406	1103027	Sharjah|Schardscha
P	UZ	39.901	66.261	247113	Kattaqorgon|Katta-Kurgan|Kattaqoʻrgʻon
P	UZ	38.277	67.887	217274	Denow|Denov
P	TJ	37.837	68.771	311574	Qurghonteppa|Bokhtar
P	TJ	40.292	70.427	259876	Konibodom
P	UZ	41.551	69.681	195633	Iskandar
P	UZ	41.455	69.560	167842	Chirchiq
P	ES	43.530	-5.670	335972	Gijón|Gijon
P	ES	42.850	-2.670	224578	Vitoria|Vitoria-Gasteiz
P	VA	41.903	12.453	832	Vatican City|Vatikanstadt
P	GB	54.920	-1.380	452934	Sunderland
P	GB	50.900	-1.400	384417	Southampton
P	GB	51.450	-2.583	553528	Bristol
P	GB	50.730	-1.900	426945	Bournemouth
P	GB	51.630	-3.950	294339	Swansea
P	TR	37.850	27.850	198857	Aydın|Aydin
P	TR	37.770	30.530	172334	Isparta
P	TR	39.420	29.930	185008	Kütahya|Kutahya
P	TR	38.680	39.230	271492	Elâzığ|Elazig|Elazığ
P	TR	37.610	36.945	376045	Kahramanmaraş|Kahramanmaras
P	TR	36.800	34.620	616990	Icel|Mersin
P	TR	40.520	34.950	183418	Corum|Çorum
P	TR	41.021	40.522	279450	Rize
P	KR	36.644	127.501	775096	Cheongju
P	KR	37.355	127.940	243387	Wonju
P	KR	37.875	127.734	226509	Chuncheon
P	KR	37.348	126.860	739493	Ansan
P	KR	35.941	126.945	283501	Iksan
P	KR	35.843	129.212	155237	Gyeongju
P	KR	35.219	128.584	1081499	Changwon
P	GB	51.550	0.720	618386	Southend-on-Sea
P	GB	51.470	-0.980	369804	Reading
P	GB	52.630	-1.133	457983	Leicester
P	GB	53.800	-1.750	501700	Bradford
P	GB	53.367	-1.500	1292900	Sheffield
P	TR	37.075	41.218	152668	Nusaybin
P	HU	47.965	21.719	176880	Nyíregyháza|Nyiregyhaza
P	RO	46.170	21.320	169065	Arad
P	RO	47.050	21.920	213830	Oradea
P	RO	45.797	24.137	155565	Sibiu|Hermannstadt
P	RO	45.456	28.046	311156	Galați|Galati|Galatz
P	PY	-25.340	-57.520	500000	San Lorenzo
P	PY	-27.347	-55.874	357119	Encarnación|Encarnacion
P	PT	41.555	-8.421	826833	Braga
P	SA	24.094	38.049	267590	Yanbu al Bahr|Yanbu governorate|Yanbu’ al-Bahr
P	SA	21.262	40.382	657282	At Taif|Ta'if
P	NL	51.430	5.500	398053	Eindhoven
P	SA	17.507	44.132	369609	Najran|Nadschran
P	SA	23.489	46.756	594605	Al Hillah
P	SA	25.429	49.566	298562	Al Mubarraz|Al-Mubarraz
P	SA	26.520	50.012	368892	Al-Qatif|Qatif governorate|Katif
P	PK	32.520	74.560	477396	Sialkote|Sialkot
P	PK	31.720	73.990	361303	Sheikhu Pura|Sheikhupura
P	PK	32.580	74.080	301506	Gujrat
P	PK	30.672	73.112	235695	Sahiwal
P	PK	31.720	72.980	201781	Chiniot
P	PK	28.420	70.295	353203	Rahim Yar Khan|Rahimyar Khan
P	PK	33.603	71.433	343027	Kohat
P	PK	34.150	73.200	1183647	Abbottabad
P	PK	34.200	72.040	300424	Mardan
P	NP	27.667	85.333	337785	Lalitpur
P	NP	27.417	85.033	232334	Hetauda
P	-99	42.229	20.750	171464	Prizren
P	KW	29.337	47.658	194193	Al Jahra|al-Dschahra
P	RU	44.610	40.120	158451	Maykop|Maikop
P	RU	59.730	30.650	225801	Kolpino
P	RU	47.230	38.920	279056	Taganrog
P	RU	47.420	40.080	166974	Novocherkassk|Nowotscherkassk
P	RU	53.170	48.480	189338	Syzran|Sysran
P	RU	53.120	49.920	152334	Novokuybishevsk|Novokuybyshevsk|Nowokuibyschewsk
P	RU	55.700	52.320	461086	Naberezhnyye Chelny|Naberezhnye Chelny|Nabereschnyje Tschelny
P	MX	25.570	-103.500	399328	Gómez Palacio|Gomez Palacio
P	MX	26.080	-98.300	498654	Reynosa
P	MX	22.319	-97.836	192736	Ciudad Madero
P	MX	19.320	-98.230	503878	Tlaxcala
P	MX	20.670	-101.500	339554	Irapuato
P	MX	20.530	-100.800	383697	Celaya|Guanajuato
P	MX	17.550	-99.500	182387	Chilpancingo
P	MX	19.410	-99.030	1109363	Nezahualcoyotl|Ciudad Nezahualcóyotl|Nezahualcóyotl
P	MX	18.850	-97.130	355333	Orizaba
P	MX	19.530	-96.920	452186	Xalapa|Xalapa-Enríquez
P	MX	16.750	-92.633	186661	San Cristobal de Las Casas|San Cristóbal de las Casas
P	NG	7.630	4.180	250443	Iwo
P	LB	33.563	35.369	173894	Saida|Sidon
P	PL	53.800	20.480	186670	Olsztyn
P	PL	50.350	18.910	662247	Bytom
P	KP	37.964	126.564	338155	Kaesong|Kaesŏng
P	KP	41.145	126.296	186827	Manpo|Manp'o
P	KP	39.424	125.939	400629	Sunchon|Sunch’ŏn
P	IT	44.650	10.920	175502	Modena
P	IT	38.115	15.641	180353	Reggio di Calabria|Reggio Calabria
P	IT	41.060	14.337	250000	Caserta
P	JO	32.550	35.850	650000	Irbid
P	JO	32.070	36.100	894691	Az Zarqa|Zarqa
P	IT	45.810	9.080	250000	Como
P	IT	45.670	12.240	177309	Treviso
P	CN	39.830	97.730	350000	Yumen|Yumen City
P	CN	35.600	103.200	534555	Linxia|Linxia City
P	CN	39.540	115.790	628000	Zhuozhou
P	CN	26.230	117.580	209444	Sanming
P	CN	23.080	114.400	289201	Huizhou
P	CN	23.680	116.630	424787	Chaozhou
P	EC	-0.310	-78.460	178582	Sangolquí|Sangolqui
P	CO	7.090	-73.850	191403	Barrancabermeja
P	CR	9.870	-83.930	196946	Cartago
P	CR	10.020	-84.230	387743	Alajuela
P	SV	13.720	-89.730	168947	Sonsonate
P	SV	13.483	-88.183	201563	San Miguel
P	JM	17.983	-76.950	432704	Spanish Town
P	CO	10.920	-74.770	698852	Soledad
P	CO	10.480	-73.250	308237	Valledupar
P	DE	52.030	8.530	331906	Bielefeld
P	DE	51.530	7.450	588462	Dortmund
P	DE	51.430	6.750	1276757	Duisburg
P	DE	51.250	7.170	776525	Wuppertal
P	DE	51.450	7.017	1742135	Essen
P	DE	49.000	8.400	377487	Karlsruhe
P	DE	49.420	8.700	426590	Heidelberg
P	DE	51.300	9.500	289924	Kassel
P	DE	53.130	8.220	167458	Oldenburg
P	DE	52.250	10.500	244715	Braunschweig|Brunswick
P	DE	50.970	11.030	203254	Erfurt
P	HR	45.330	14.450	170992	Rijeka
P	DE	48.350	10.900	358989	Augsburg
P	DE	49.470	11.000	237844	Fürth|Furth
P	DE	50.830	12.920	302643	Chemnitz
P	CN	37.870	113.570	981448	Yangquan
P	CN	32.570	110.780	770000	Shiyan
P	CN	30.320	112.230	520000	Jingzhou
P	CN	31.133	104.400	152194	Deyang
P	CN	23.362	103.406	303341	Mengzi|Mengzi City
P	CN	25.036	101.546	254370	Chuxiong|Chuxiong City
P	CN	37.720	115.700	456356	Hengshui
P	CN	40.594	115.024	409745	Xuanhua
P	CN	33.570	114.030	417356	Luohe
P	CN	41.810	120.760	228515	Beipiao
P	CN	39.626	121.996	355844	Wafangdian
P	CN	35.990	119.380	1060000	Zhucheng
P	CN	39.232	117.777	332793	Hangu|Lunan
P	CN	34.380	118.350	962656	Xinyi
P	CN	32.400	119.430	539715	Yangzhou
P	CN	28.850	121.120	251759	Linhai
P	CN	28.650	121.250	198713	Huangyan
P	JP	34.672	133.917	866092	Okayama
P	JP	33.965	130.945	245786	Shimonoseki
P	CN	41.900	126.430	330000	Baishan
P	CN	42.882	129.513	488740	Yanji
P	JP	34.345	134.045	334223	Takamatsu
P	JP	34.067	134.553	443760	Tokushima
P	CN	46.400	125.320	181533	Anda
P	CN	47.210	123.610	289999	Hulan Ergi|Fularji
P	JP	36.700	137.230	332812	Toyama
P	JP	36.670	137.000	170077	Takaoka
P	JP	35.006	135.867	536976	Ōtsu|Otsu
P	JP	36.393	139.073	344871	Maebashi
P	JP	35.530	139.705	1437266	Kawasaki
P	JP	35.918	139.491	337931	Kawagoe
P	JP	36.550	139.870	667752	Utsunomiya
P	JP	35.658	139.326	579399	Hachiōji|Hachioji
P	JP	37.410	140.380	340560	Kōriyama|Koriyama
P	DO	19.217	-70.517	163197	La Vega|Concepción de la Vega
P	DO	19.300	-70.250	152538	San Francisco de Macorís|San Francisco de Macoris
P	IN	31.100	77.167	173503	Simla|Shimla
P	IN	28.450	77.020	197340	Gurgaon|Gurugram
P	IN	29.000	77.020	250521	Sonipat
P	IN	28.900	76.580	317245	Rohtak
P	IN	29.170	75.725	544829	Hisar
P	IN	28.810	76.125	190855	Bhiwani
P	IN	19.250	73.160	1576614	Kalyan
P	IN	21.020	75.830	183001	Bhusawal
P	FR	47.480	-0.530	188380	Angers
P	FR	45.780	3.080	233050	Clermont-Ferrand
P	FR	48.533	2.667	249432	Melun
P	CL	-33.600	-70.700	246762	San Bernardo
P	CL	-33.030	-71.540	503534	Viña del Mar|Vina del Mar
P	CL	-36.717	-73.117	288074	Talcahuano
P	GR	37.950	23.700	466065	Piraeus|Piraievs|Piräus
P	GE	42.250	42.730	183945	Kutaisi|Kutaissi
P	IL	31.250	34.830	206408	Beer Sheva|Beersheba|Be’er Scheva
P	IR	35.317	51.647	179603	Varamin|Varāmīn
P	IR	31.980	49.300	153663	Masjed Soleyman|Masdsched Soleyman
P	IR	33.920	48.800	251958	Borujerd|Borudscherd
P	IQ	30.389	47.708	262219	Az Aubayr|Az Zubayr|Zubair
P	IQ	31.989	44.924	358408	Ad Diwaniyah|Al Diwaniyah|Diwaniyya
P	IQ	31.418	46.177	161949	Ash Shatrah|Al-Shatrah
P	IR	34.320	48.850	176573	Malayer
P	IR	36.670	48.500	357471	Zanjan|Zandschan
P	IR	37.530	45.000	577307	Urmia
P	IR	35.300	47.020	349176	Sanandaj|Sanandadsch
P	IR	36.220	58.820	221700	Neyshabur|Nishapur|Nischapur
P	IR	37.470	57.320	208582	Bojnurd|Bojnord|Bodschnurd
P	IR	29.470	55.730	175000	Sirjan|Sirdschan
P	IN	31.520	75.980	158142	Hoshiarpur
P	IN	26.450	74.640	589985	Ajmer
P	IN	27.630	80.750	164435	Sitapur
P	IN	28.030	79.090	161555	Budaun|Badaun
P	IN	27.150	78.395	306409	Firozabad
P	IN	27.500	77.670	330511	Mathura
P	IN	28.410	77.848	198612	Bulandshahr
P	IN	28.744	77.763	242920	Hapur
P	IN	29.485	77.695	349706	Muzaffarnagar
P	IQ	33.420	43.300	295121	Ar Ramadi|Ramadi
P	BR	-5.115	-42.845	203157	Timon
P	BR	-15.650	-56.140	249752	Várzea Grande|Varzea Grande
P	BR	-29.920	-51.180	600000	Canoas
P	BR	-25.570	-49.180	665063	São José dos Pinhais|Sao Jose dos Pinhais
P	BR	-25.380	-51.480	150850	Guarapuava
P	BR	-26.920	-49.090	293949	Blumenau
P	BR	-3.690	-40.350	157996	Sobral
P	BR	-9.480	-35.840	158545	Rio Largo
P	BR	-20.850	-41.130	187019	Cachoeiro de Itapemirim
P	BR	-22.560	-44.170	169386	Barra Mansa
P	BR	-22.740	-43.470	844583	Nova Iguaçu|Nova Iguacu
P	BR	-22.770	-43.310	842890	Duque de Caxias
P	BR	-22.900	-43.100	1500513	Niterói|Niteroi
P	BR	-22.890	-42.040	261721	Cabo Frio
P	CA	43.880	-78.850	450963	Oshawa
P	CA	42.970	-81.250	346765	London
P	CA	43.450	-80.500	417001	Kitchener
P	RS	44.020	20.920	171197	Kragujevac
P	BO	-17.400	-66.280	227052	Quillacollo
P	BO	-13.760	-65.580	234478	Santa Ana|Santa Ana del Yacuma
P	AR	-27.490	-58.810	340823	Corrientes
P	AR	-31.733	-60.533	262295	Paraná|Parana
P	BR	-23.653	-46.528	662373	Santo André|Santo Andre
P	BR	-22.410	-47.560	180147	Rio Claro
P	BR	-23.200	-46.880	505548	Jundiaí|Jundiai
P	BR	-23.200	-45.880	753769	São José dos Campos|Sao Jose dos Campos
P	BR	-22.820	-45.190	203580	Guaratinguetá|Guaratingueta
P	BR	-22.750	-47.330	479472	Americana
P	BR	-22.710	-47.640	342209	Piracicaba
P	BR	-22.020	-47.890	205035	São Carlos|Sao Carlos
P	BR	-22.120	-51.390	209502	Presidente Prudente
P	BR	-22.210	-49.950	212218	Marília|Marilia
P	BR	-23.260	-47.300	320170	Itu
P	BR	-8.110	-35.020	702621	Jaboatao|Jaboatão dos Guararapes
P	BR	-8.000	-34.850	921840	Olinda
P	BR	-7.840	-35.260	165579	Carpina
P	AL	41.122	20.084	165010	Elbasan
P	BE	51.030	3.700	444336	Gent|Ghent
P	AZ	40.685	46.350	303268	Ganca|Ganja|Gəncə
P	AZ	40.580	49.630	279159	Sumqayt|Sumqayit|Sumqayıt
P	BD	24.250	89.920	180144	Tangail
P	BG	42.154	24.754	340494	Plovdiv|Plowdiw
P	BY	53.137	26.013	168772	Baranavichy|Baranawitschy
P	BD	24.904	91.874	237000	Sylhet
P	BA	44.220	17.920	164423	Zenica
P	BE	50.630	5.580	749110	Liège|Liege|Lüttich
P	PS	31.541	35.096	280321	Al Khalil|Hebron
P	TW	24.965	121.217	1632616	Zhongli
P	TW	25.133	121.733	500000	Keelung
P	TW	23.917	120.683	165000	Nantou|Nantou City
P	UY	-30.900	-55.560	200000	Rivera
P	US	44.650	-93.243	261308	Lakeville
P	US	21.503	-158.024	174766	Wahiawa
P	US	47.960	-122.200	486903	Everett
P	US	37.958	-121.290	685306	Stockton
P	US	38.450	-122.700	231792	Santa Rosa
P	US	33.220	-117.335	609854	Oceanside
P	US	37.655	-120.990	323386	Modesto
P	US	33.680	-117.830	3010232	Irvine
P	US	33.777	-116.533	390115	Palm Springs
P	US	40.561	-105.059	228385	Fort Collins
P	US	41.232	-111.968	377224	Ogden
P	US	36.063	-94.157	151671	Fayetteville
P	US	41.554	-90.588	255738	Davenport
P	US	38.784	-90.506	360485	Saint Charles
P	US	38.952	-92.334	398093	Columbia
P	US	26.303	-98.160	150000	Edinburg
P	US	33.216	-97.129	176930	Denton
P	VE	10.470	-68.170	174000	Puerto Cabello
P	VE	9.580	-69.200	260921	Acarigua
P	US	41.330	-72.900	846766	New Haven
P	US	42.634	-71.317	723629	Lowell
P	US	42.270	-71.800	287365	Worcester
P	US	42.996	-71.455	196566	Manchester
P	US	25.715	-80.291	150000	Coral Gables
P	US	26.142	-81.795	262306	Naples
P	US	27.447	-80.326	228245	Fort Pierce
P	US	28.292	-81.408	225494	Kissimmee
P	US	26.136	-80.142	2042042	Fort Lauderdale
P	US	32.470	-84.980	217980	Columbus
P	US	34.853	-82.394	350954	Greenville
P	US	42.364	-87.845	200000	Waukegan
P	US	41.765	-88.300	350000	Aurora
P	US	41.580	-87.330	591180	Gary
P	US	41.080	-85.130	299871	Fort Wayne
P	US	39.084	-84.509	585489	Covington
P	US	35.063	-78.884	243306	Fayetteville
P	US	36.105	-80.260	281683	Winston-Salem
P	US	41.070	-81.520	703200	Akron
P	US	37.271	-79.942	198171	Roanoke
P	US	39.746	-75.547	161560	Wilmington
P	US	40.700	-74.170	280123	Newark
P	US	43.095	-79.037	153134	Niagara Falls
P	US	39.963	-76.728	218010	York
P	US	41.409	-75.663	156196	Scranton
P	US	42.130	-80.085	178182	Erie
P	US	41.249	-75.878	158913	Wilkes-Barre|Wilkes Barre
P	VE	10.130	-64.720	600954	Barcelona
P	VE	8.890	-64.260	197440	El Tigre
P	VE	10.600	-66.970	315442	Maiquetía|Maiquetia
P	VE	10.960	-63.850	196934	Porlamar
P	US	42.300	-83.720	265976	Ann Arbor
P	US	42.292	-85.587	183381	Kalamazoo
P	US	43.013	-83.688	295212	Flint
P	US	42.964	-85.670	535829	Grand Rapids
P	ES	36.830	-2.430	179405	Almería|Almeria
P	ES	36.720	-4.420	550058	Málaga|Malaga
P	ES	39.000	-1.870	158094	Albacete
P	ES	43.380	-3.800	208763	Santander
P	ES	40.970	-5.670	162353	Salamanca
P	ES	42.350	-3.680	170183	Burgos
P	TN	33.510	11.100	159161	Zarzis
P	TN	33.900	10.100	219517	Gabès|Gabes
P	SY	34.885	35.887	162980	Tartus
P	SY	35.930	39.020	177636	Ar Raqqah|Raqqa
P	SY	35.150	36.730	460602	Hamah|Hama
P	SY	35.330	40.130	309141	Dayr az Zawr|Deir ez-Zor
P	SD	11.770	34.350	186051	Ad Damazīn|Ad Damazin|Ad-Damazin
P	YE	14.195	43.316	152504	Zabīd|Zabid
P	YE	15.692	43.602	208287	Hajjah
P	CH	47.050	8.280	250000	Luzern|Lucerne
P	RU	45.369	36.488	152195	Kerch|Kertsch
P	RU	44.949	34.099	358108	Simferopol
P	UA	46.633	32.601	320477	Kherson|Cherson
P	UA	50.617	26.253	255106	Rivne|Riwne
P	UA	48.305	25.922	298251	Chernivtsi|Czernowitz
P	UA	48.935	24.709	241239	Ivano-Frankivsk|Iwano-Frankiwsk
P	UA	49.536	25.582	244768	Ternopil
P	UA	50.747	25.333	213661	Lutsk|Luzk
P	UA	49.435	32.071	297568	Cherkasy|Tscherkassy
P	UA	48.504	32.260	249454	Kirovohrad|Kropyvnytskyi|Kropywnyzkyj
P	UA	49.225	28.482	352115	Vinnytsya|Vinnytsia|Winnyzja
P	UA	48.570	39.334	452000	Luhansk
P	UA	49.574	34.570	317847	Poltava|Poltawa
P	UA	49.084	33.430	232742	Kremenchuk|Krementschuk
P	UA	46.838	35.377	158000	Melitopol
P	AE	25.792	55.943	160849	Ras al Khaymah|Ras al-Khaimah|Ra’s al-Chaima
P	AE	24.230	55.740	408733	Al Ayn|Al Ain|Al-Ain
P	UZ	40.110	65.355	214828	Navoi|Navoiy
P	UZ	39.062	66.831	498545	Shahrisabz
P	UZ	38.870	65.800	386361	Qarshi
P	UZ	40.540	70.940	350000	Qoqon|Kokand|Qoʻqon
P	TJ	39.922	69.001	156621	Uroteppa|Istarawshan|Istarawschan
P	UZ	40.100	67.830	235352	Jizzax|Jizzakh
P	UZ	41.030	70.155	202070	Angren
P	TH	18.292	99.481	204081	Lampang
P	TH	16.828	100.273	164017	Phitsanulok
P	TH	14.017	100.533	154412	Pathum Thani
P	TH	13.834	100.483	258550	Nonthaburi
P	TH	13.607	100.611	388920	Samut Prakan
P	VN	20.960	107.100	172915	Hong Gai|Hạ Long
P	TH	13.159	100.929	178916	Si Racha
P	TH	13.400	101.000	226618	Chon Buri
P	TH	17.405	102.789	247231	Udon Thani
P	VN	21.138	105.505	189547	Sơn Tây|Son Tay
P	VN	21.330	105.430	350000	Việt Trì|Viet Tri
P	VN	18.334	105.900	165396	Hà Tĩnh|Ha Tinh
P	VN	12.667	108.050	349945	Buon Me Thuot|Buôn Ma Thuột
P	VN	11.930	108.420	256019	Da Lat|Đà Lạt
P	VN	11.567	108.983	179773	Phan Rang|Phan Rang–Tháp Chàm
P	VN	15.150	108.830	250000	Quảng Ngãi|Quang Ngai
P	VN	10.355	107.085	248767	Vung Tau|Vũng Tàu
P	VN	10.934	108.100	336846	Phan Thiet|Phan Thiết
P	VN	10.380	105.420	350000	Long Xuyen|Long Xuyên
P	VN	10.015	105.091	300000	Rạch Giá|Rach Gia
P	VN	9.280	105.720	225000	Bạc Liêu|Bac Lieu
P	VN	9.177	105.150	356636	Cà Mau|Ca Mau
P	VN	9.604	105.980	300000	Sóc Trăng|Soc Trang
P	ZM	-10.200	31.180	200000	Kasama
P	ZM	-12.540	27.850	182015	Chingola
P	ES	37.600	-0.980	201274	Cartagena
P	ES	43.350	-5.830	235651	Oviedo
P	ES	43.320	-1.980	357468	San Sebastián|San Sebastian|Donostia-San Sebastián|Donostia/San Sebastián
P	SS	4.090	30.680	185000	Yei
P	SD	14.250	32.980	151827	El Manaqil
P	SD	16.680	33.420	186611	Shendi|Schandi
P	HT	18.200	-73.750	175457	Les Cayes
P	HT	19.450	-72.683	166678	Gonaïves|Gonaives
P	GB	57.170	-2.080	189364	Aberdeen
P	GB	56.470	-3.000	151592	Dundee
P	GB	54.580	-1.230	416042	Middlesbrough
P	GB	52.420	-1.500	388271	Coventry
P	GB	53.750	-0.330	302296	Kingston upon Hull
P	GB	53.970	-1.080	158947	York
P	GB	53.830	-3.050	272792	Blackpool
P	GB	50.385	-4.160	247297	Plymouth
P	TR	39.650	27.890	261516	Balıkesir|Balikesir
P	TR	40.776	29.931	466504	İzmit|Izmit
P	TR	38.750	30.550	156992	Afyon|Afyonkarahisar
P	TR	37.770	29.080	372344	Denizli
P	TR	38.630	27.440	243971	Manisa
P	TR	37.770	38.280	223744	Adıyaman|Adiyaman
P	TR	38.370	38.300	461574	Malatya
P	TR	36.920	34.880	894318	Tarsus
P	TR	36.580	36.170	297943	İskenderun|Iskenderun
P	TR	41.000	37.870	155117	Ordu|Altınordu
P	TR	39.745	37.035	264022	Sivas
P	TR	39.920	41.290	420691	Erzurum
P	TR	37.920	40.230	644763	Diyarbakır|Diyarbakir
P	GB	52.630	1.300	190756	Norwich
P	LK	6.780	79.880	200000	Moratuwa
P	KR	34.737	127.746	341994	Yeosu
P	KR	33.510	126.522	408364	Jeju|Jeju-si
P	GB	50.830	-0.170	503008	Brighton
P	GB	51.770	-1.250	192796	Oxford
P	GB	51.880	-0.420	235958	Luton
P	GB	50.800	-1.080	442252	Portsmouth
P	GB	52.970	-1.170	825600	Nottingham
P	GB	53.000	-2.180	390801	Stoke|Stoke-on-Trent
P	TR	41.430	31.780	156918	Zonguldak
P	TR	38.680	29.420	152862	Uşak|Usak
P	TR	39.850	33.530	211138	Kırıkkale|Kirikkale
P	TR	37.890	41.140	302074	Batman
P	TR	38.495	43.400	371713	Van
P	UG	0.440	33.200	301619	Jinja
P	UG	3.020	30.900	250000	Arua
P	UG	0.060	32.460	175128	Entebbe
P	UG	1.090	34.170	402368	Mbale
P	UG	0.710	34.170	150000	Tororo
P	HU	46.080	18.220	186262	Pécs|Pecs
P	HU	48.100	20.780	247757	Miskolc
P	HU	46.250	20.150	187765	Szeged
P	HU	47.530	21.630	231286	Debrecen
P	TZ	-4.880	29.610	164268	Kigoma
P	TZ	-3.340	37.340	721018	Moshi
P	CH	46.530	6.650	265702	Lausanne
P	CH	47.580	7.590	830000	Basel
P	ES	38.351	-0.484	315863	Alicante
P	ES	39.970	-0.050	180610	Castello|Castelló de la Plana|Castellón de la Plana
P	RW	-2.350	29.740	225209	Nyanza
P	RO	44.326	23.826	304142	Craiova|Krajowa
P	RO	45.759	21.223	315053	Timișoara|Timisoara
P	RO	44.856	24.876	171021	Pitești|Pitesti
P	RO	45.648	25.607	311044	Brașov|Brasov
P	RO	44.947	26.036	232542	Ploiești|Ploiesti
P	RO	46.578	26.920	199668	Bacău|Bacau|Barchau
P	PE	-4.890	-80.680	160789	Sullana
P	PE	-13.420	-76.140	153076	Chincha Alta
P	SN	14.810	-16.930	293001	Thiès|Thies
P	SA	26.366	43.963	398581	Buraydah|Buraidah|Buraida
P	SA	27.524	41.700	385257	Hail|Saudi Arabia|Ha'il
P	SA	30.990	41.021	222016	Arar
P	KE	1.030	34.990	150495	Kitale
P	NL	53.220	6.580	216688	Groningen
P	NL	52.100	5.120	640000	Utrecht
P	LT	55.720	21.120	192307	Klaipėda|Klaipeda
P	SK	48.730	21.250	236563	Košice|Kosice
P	LT	54.950	23.880	374643	Kaunas
P	SA	24.156	47.312	298428	Al Kharj|Al-Kharj governorate|al-Chardsch
P	SA	26.430	50.098	2054710	Dammam|Ad Damman
P	SA	28.434	45.960	249194	Hafar al Batin|Hafar Al-Batin governorate|Hafar Al-Batin
P	SA	27.005	49.646	237274	Al Jubayl|Jubail governorate|al-Dschubail
P	PK	35.917	74.300	216760	Gilgit
P	PK	31.125	74.455	290643	Kasur
P	PK	30.810	73.450	223648	Okara
P	PK	31.280	72.325	341210	Jhang
P	PK	32.085	72.675	542603	Sargodha
P	PK	30.060	70.635	236093	Dera Ghazi Khan
P	PK	28.301	70.130	189876	Sadiqabad
P	PK	26.245	68.400	229504	Nawabshah
P	KG	40.943	73.003	248899	Jalal Abad|Jalal-Abad|Dschalalabat
P	KG	40.540	72.790	391277	Osh|Osch
P	PK	32.989	70.599	622419	Bannu
P	NP	26.484	87.283	182324	Biratnagar
P	MY	5.417	100.400	821652	Butterworth
P	MY	5.650	100.479	358499	Sungai Petani
P	MY	6.113	100.373	336475	Alor Setar
P	MY	2.034	102.567	191346	Muar
P	MY	1.850	102.933	199619	Batu Pahat
P	MY	2.038	103.318	169828	Keluang|Kluang
P	MY	2.710	101.940	372917	Seremban
P	MY	5.330	103.120	350210	Kuala Terengganu
P	MY	3.166	113.036	151617	Bintulu
P	MY	4.400	113.985	228212	Miri
P	ZA	-33.700	18.960	187865	Paarl
P	ZA	-26.270	28.430	236083	Springs
P	ZA	-25.470	30.980	348138	Mbombela
P	ZA	-25.760	29.470	154706	Middelburg
P	NL	52.380	4.630	349957	Haarlem
P	MA	35.020	-5.910	306600	Ksar El Kebir|Ksar el-Kebir|Ksar-el-Kebir
P	MA	34.220	-4.020	199633	Taza
P	MA	34.270	-6.580	551786	Kenitra
P	MA	33.010	-7.620	161748	Settat
P	MA	31.940	-4.450	228489	Er Rachidia|Errachidia
P	MA	33.900	-5.560	697628	Meknes|Meknès
P	MA	33.260	-8.510	180470	El Jadida
P	MD	47.759	27.905	151355	Bălți|Balti
P	MD	46.853	29.640	157000	Tiraspol
P	ZA	-33.760	25.390	228912	Uitenhage|Kariega
P	MZ	-25.970	32.460	543907	Matola
P	RU	43.050	44.670	364630	Vladikavkaz|Wladikawkas
P	RU	56.250	43.460	256537	Dzerzhinsk|Dserschinsk
P	RU	59.140	37.910	311850	Cherepovets|Tscherepowez
P	RU	58.050	38.820	216724	Rybinsk
P	RU	54.520	36.270	338978	Kaluga
P	RU	55.380	37.530	320635	Podolsk
P	RU	55.870	38.480	229731	Noginsk
P	RU	47.720	40.270	221312	Shakhty|Schachty
P	RU	48.795	44.774	323293	Volzhskiy|Volzhsky|Wolschski
P	RU	51.300	37.840	226977	Starsy Oskol|Stary Oskol
P	RU	45.000	41.130	199548	Armavir|Armawir
P	RU	54.170	45.180	303394	Saransk
P	RU	56.360	41.330	154224	Kovrov|Kowrow
P	RU	53.370	55.930	159893	Salavat|Salawat
P	RU	54.995	60.095	167500	Miass
P	RU	67.750	77.520	159551	Nakhodka|Nachodka
P	RU	56.635	47.875	324406	Yoshkar Ola|Yoshkar-Ola|Joschkar-Ola
P	RU	56.420	61.935	182500	Kamensk Uralskiy|Kamensk-Uralsky|Kamensk-Uralski
P	RU	53.480	49.530	702879	Tolyatti|Toljatti
P	RU	51.500	46.120	196011	Engels
P	RU	55.640	51.820	234297	Nizhnekamsk|Nischnekamsk
P	RU	52.534	85.180	215430	Biysk|Bijsk
P	KR	37.756	128.896	180611	Gangneung
P	KR	35.831	127.140	711424	Jeonju
P	KR	35.982	126.716	244080	Gunsan
P	KR	34.807	126.396	268402	Mokpo
P	PH	10.959	123.309	283157	Cadiz
P	PH	7.853	123.507	159590	Pagadian
P	PH	15.484	120.583	183930	Tarlac|Tarlac City
P	PH	15.502	120.962	220250	Cabanatuan
P	PH	14.830	120.283	304388	Olongapo|Olongapo City
P	PH	16.048	120.341	163676	Dagupan
P	PH	14.070	121.323	240830	San Pablo
P	PH	14.650	121.030	2761720	Quezon City
P	PH	14.550	121.000	403064	Pasay City|Pasay
P	PH	8.171	124.215	464599	Iligan
P	PH	11.064	124.608	167584	Ormac|Ormoc|Ormoc City
P	PH	11.250	125.000	280006	Tacloban
P	PH	8.950	125.544	190557	Butuan
P	MX	27.467	-109.925	288002	Ciudad Obregon|Ciudad Obregón
P	MX	29.017	-110.133	500000	Mazatlán|Mazatlan|Mazatán
P	MX	22.770	-102.580	234481	Zacatecas
P	MX	20.677	-105.245	187134	Puerto Vallarta
P	MX	19.733	-101.189	644306	Morelia
P	MX	17.959	-102.200	160087	Lázaro Cárdenas|Lazaro Cardenas
P	MX	19.980	-102.280	214947	Zamora
P	MX	19.420	-102.070	264531	Uruapan
P	MX	21.505	-104.880	318781	Tepic
P	MX	18.654	-91.824	156195	Ciudad del Carmen
P	MX	18.450	-97.380	241429	Tehuacan|Tehuacán
P	MX	19.820	-97.360	177796	Teziutlán|Teziutlan
P	MX	20.570	-101.200	197524	Salamanca
P	MX	20.170	-98.730	319581	Pachuca|Pachuca de Soto
P	MX	19.332	-99.672	1531000	Toluca
P	MX	19.810	-99.110	250000	Zumpango|Municipio Zumpango
P	MX	17.980	-94.530	201902	Minatitlán|Minatitlan
P	MX	18.120	-94.420	287285	Coatzacoalcos
P	MX	20.550	-97.470	254481	Poza Rica de Hidalgo|Poza Rica
P	MX	18.920	-96.920	220563	Córdoba|Cordoba
P	ML	11.320	-5.680	225753	Sikasso
P	MR	16.617	-7.250	200000	Nema|Néma
P	NG	5.100	7.350	897560	Aba
P	NG	4.960	8.330	461796	Calabar
P	NG	9.080	6.010	173849	Bida
P	NG	7.160	3.350	593100	Abeokuta
P	NG	6.820	3.920	209175	Ijebu Ode|Ijebu-Ode
P	NG	7.250	5.200	420594	Akure
P	NG	7.530	5.760	1099931	Ikare
P	NG	7.200	5.590	276574	Owo
P	NG	7.090	4.840	257005	Ondo|Ondo City
P	NG	7.630	5.220	446749	Ado Ekiti
P	NG	7.480	4.560	482365	Ife|Ile-Ife
P	NG	7.770	4.560	408245	Oshogbo|Osogbo
P	NG	7.850	3.930	736072	Oyo
P	NG	6.210	7.070	500000	Awka
P	NG	10.310	9.840	316149	Bauchi
P	NG	10.290	11.170	270366	Gombe
P	NG	5.890	5.680	309162	Sapele
P	NG	11.520	7.320	180475	Funtua
P	NG	12.990	7.600	432149	Katsina
P	NG	12.170	6.660	226857	Gusau
P	NG	10.270	13.270	225705	Mubi
P	LY	32.660	14.260	201943	Al Khums|Khoms|Al-Chums
P	LY	32.760	12.720	200000	Az Zawiyah|Zawiya|az-Zawiyya
P	LY	32.500	20.830	169540	Al Marj|Campament of Al Marj|El Merdj
P	PL	54.520	18.530	314664	Gdynia
P	PL	51.110	17.030	634893	Wrocław|Wroclaw|Breslau
P	PL	53.420	14.530	407811	Szczecin|Stettin
P	PL	52.406	16.900	623997	Poznań|Poznan|Posen
P	PL	53.120	18.010	366452	Bydgoszcz
P	PL	50.260	19.020	2746000	Katowice
P	PL	50.330	18.670	507670	Gliwice|Gleiwitz
P	PL	50.890	20.660	215733	Kielce
P	PL	53.150	23.170	291855	Białystok|Bialystok
P	PL	51.250	22.573	360044	Lublin
P	PL	50.070	22.000	245686	Rzeszów|Rzeszow
P	KP	38.039	125.714	224231	Haeju
P	KP	40.973	126.603	299514	Kanggye
P	KP	41.393	128.193	227461	Hyeson|Hyesan
P	ID	3.620	98.500	564979	Binjai
P	ID	1.389	99.273	266882	Padangsidempuan|Padang Sidempuan
P	ID	3.330	99.130	268043	Tebingtinggi|Tebing Tinggi
P	ID	-0.303	100.361	506964	Bukittinggi
P	ID	-8.580	116.135	499409	Mataram
P	IT	44.810	10.320	166011	Parma
P	IT	44.500	11.340	488172	Bologna
P	IT	39.222	9.104	291511	Cagliari
P	IT	43.720	10.400	203336	Pisa
P	IT	43.551	10.302	156274	Livorno
P	IT	40.680	14.770	954265	Salerno
P	IT	41.114	16.873	500577	Bari
P	IT	41.460	15.560	155203	Foggia
P	IT	40.360	18.150	162582	Lecce
P	IT	40.508	17.230	202033	Taranto|Tarent
P	IT	38.200	15.550	252026	Messina
P	IT	42.455	14.219	314789	Pescara
P	IT	45.700	9.670	200000	Bergamo
P	IT	45.650	13.800	216035	Trieste|Triest
P	IT	45.440	10.990	347459	Verona
P	CN	35.048	104.639	355037	Longxi
P	CN	35.530	106.680	207256	Pingliang
P	CN	21.950	108.620	245376	Qinzhou
P	CN	21.480	109.100	728978	Beihai
P	CN	24.695	108.083	3830000	Hechi
P	CN	40.225	116.194	614821	Changping
P	CN	25.180	117.030	367896	Longyan
P	CN	24.520	117.670	3531147	Zhangzhou
P	CN	25.430	119.020	376558	Putian
P	CN	26.630	118.170	213054	Nanping
P	CN	26.680	119.530	314077	Ninde|Jiaocheng
P	CN	30.950	117.780	562832	Tongling
P	CN	31.730	118.480	1366302	Maanshan|Ma'anshan|Ma’anshan
P	CN	32.900	115.820	170023	Fuyang
P	CN	21.850	111.970	872363	Yangjiang
P	CN	24.300	116.120	414930	Meizhou
P	CN	23.730	114.680	330961	Heyuan
P	CN	23.700	113.030	706717	Qingyuan
P	CN	23.050	112.450	480000	Zhaoqing
P	CN	24.782	112.383	203639	Lianxian|Lianzhou
P	CN	22.580	113.080	532419	Jiangmen
P	CN	21.920	110.870	1217715	Maoming
P	ID	-6.910	106.900	276414	Sukabumi
P	ID	-7.719	109.015	1174964	Cilacap
P	ID	-6.880	109.670	272000	Pakalongan|Pekalongan
P	ID	-6.870	109.120	237084	Tegal
P	ID	-7.310	110.490	176000	Salatiga
P	ID	-6.110	106.150	164767	Serang
P	ID	-6.217	106.972	2378211	Bekasi
P	ID	0.912	108.965	248012	Singkawang|Kota Singkawang
P	ID	-5.450	105.300	881801	Bandar Lampung
P	ID	-8.115	115.094	234468	Singaraja
P	ID	-8.195	114.370	172424	Banyuwangi
P	ID	-7.750	113.150	181656	Probolinggo
P	ID	-7.630	112.900	500000	Pasuruan
P	ID	-7.635	111.515	186099	Madiun
P	ID	-7.790	112.000	235143	Kediri
P	ID	-3.786	119.652	182731	Pinrang
P	ID	-3.534	118.966	272377	Majene
P	FR	45.430	4.380	265684	Saint-Étienne|Saint-Etienne
P	FR	45.180	5.720	388574	Grenoble
P	EC	-1.270	-78.620	281425	Ambato
P	CO	5.550	-73.370	161412	Tunja
P	CU	22.144	-80.440	186644	Cienfuegos
P	EC	0.930	-79.670	173101	Esmeraldas
P	SV	13.995	-89.560	234478	Santa Ana
P	CU	20.380	-76.643	192632	Bayamo
P	CU	20.960	-76.954	203684	Las Tunas
P	DO	18.450	-69.300	217899	San Pedro de Macorís|San Pedro de Macoris
P	CO	4.534	-75.681	315328	Armenia
P	CO	4.810	-75.680	568750	Pereira
P	CO	2.931	-75.330	352855	Neiva
P	CO	3.872	-77.050	252805	Buenaventura
P	CO	4.090	-76.210	165501	Tuluá|Tulua
P	CO	9.290	-75.380	261187	Sincelejo
P	MQ	14.610	-61.080	253995	Fort-de-France
P	TD	10.286	15.387	193941	Bongor
P	HR	43.520	16.470	214741	Split
P	EG	30.790	31.000	404901	Tanta
P	EG	30.590	32.260	656135	Ismaïlia|Ismailia
P	EG	31.050	31.380	600000	El Mansura|sharkia|al-Mansura
P	EG	31.420	31.820	299459	Dumyat|Damietta|Damiette
P	EG	31.050	30.470	500000	Damanhûr|Damanhur
P	EG	28.300	30.710	152097	Samalut
P	EG	27.730	30.840	217365	Mallawi|Mallawī
P	EG	29.080	31.090	489450	Beni Suef|Bani Suwaif
P	EG	31.460	30.390	199509	Rashid|Rosetta|Rosette
P	EG	26.150	32.720	302027	Qena|Qina
P	EG	26.550	31.700	600000	Sohag
P	EG	31.125	33.801	178651	El Arish|Arish|Al-Arisch
P	ER	15.680	38.450	150000	Keren
P	ER	14.886	38.816	257390	Mendefera
P	DE	50.720	7.080	680543	Bonn
P	DE	51.970	7.620	270184	Münster|Munster
P	DE	51.220	6.780	1220000	Düsseldorf|Dusseldorf
P	DE	48.400	10.000	172955	Ulm
P	DE	49.500	8.470	2362000	Mannheim
P	DE	48.000	7.870	254889	Freiburg|Freiburg im Breisgau
P	DE	50.080	8.250	617126	Wiesbaden
P	DE	52.280	8.050	231268	Osnabrück|Osnabruck
P	DE	52.367	9.717	722490	Hanover|Hannover
P	DE	53.870	10.670	235390	Lübeck|Lubeck
P	DE	54.330	10.130	269427	Kiel
P	DE	50.350	7.600	312633	Koblenz
P	DE	49.250	6.970	770001	Saarbrücken|Saarbrucken
P	CZ	49.740	13.360	164180	Pizen|Plzeň|Pilsen
P	DE	49.020	12.120	164359	Regensburg
P	DE	49.800	9.950	168561	Würzburg|Wurzburg
P	DE	48.770	11.450	163325	Ingolstadt
P	CZ	49.200	16.610	388277	Brno|Brünn
P	DE	52.400	13.070	218095	Potsdam
P	DE	52.130	11.620	229826	Magdeburg
P	DE	51.335	12.410	542529	Leipzig
P	CZ	49.830	18.250	478963	Ostrava
P	CN	42.935	89.165	651853	Turpan
P	ID	0.917	104.471	226666	Tanjungpinang|Tanjung Pinang
P	CN	35.470	110.430	222135	Hancheng
P	CN	34.500	109.500	172321	Weinan
P	CN	39.300	112.420	570000	Shuozhou
P	CN	38.410	112.720	279607	Xinzhou
P	CN	35.500	112.830	760000	Jincheng
P	CN	36.184	113.105	706000	Changzhi
P	CN	31.620	114.000	154771	Guangshui
P	CN	31.030	112.100	400000	Jingmen|Jingmen City
P	CN	30.300	111.500	237042	Zicheng|Zhicheng
P	CN	29.700	112.400	231787	Shishou
P	CN	30.920	113.900	160437	Xiaogan
P	CN	29.720	113.880	205164	Puqi
P	CN	29.632	111.852	274000	Jinshi
P	CN	25.800	113.030	322997	Chenzhou
P	CN	27.850	112.900	2586948	Xiangtan
P	CN	29.402	104.778	1105000	Zigong
P	CN	29.980	103.080	340000	Yaan|Ya'an|Ya’an
P	CN	22.781	100.978	162725	Simao
P	CN	23.372	104.250	152388	Wenshan|Wenshan City
P	CN	25.600	103.817	652604	Zhanyi
P	CN	40.960	117.930	449325	Chengde
P	CN	38.320	116.870	527681	Cangzhou
P	CN	38.872	115.478	1107000	Baoding
P	CN	38.500	115.000	152934	Dingzhou
P	CN	37.050	114.500	611739	Xiangtai|Xingtai
P	CN	35.700	114.980	666322	Puyang
P	CN	35.950	114.220	244662	Hebi
P	CN	34.020	113.820	449258	Xuchang
P	CN	33.630	114.630	377061	Zhoukou
P	CN	42.300	123.820	340000	Tieling
P	CN	41.550	120.420	470296	Chaoyang
P	CN	39.682	122.962	261510	Zhuanghe
P	CN	36.430	115.970	226930	Liaocheng
P	CN	35.430	119.450	865000	Rizhao
P	CN	37.450	116.300	379555	Dezhou
P	CN	27.970	116.360	241104	Linchuan
P	CN	27.130	115.000	520248	Jian|Ji'an|Ji’an
P	CN	28.470	117.970	1144577	Shangrao
P	CN	29.270	117.180	457298	Jingdezhen
P	CN	32.490	119.900	612356	Taizhou
P	CN	34.130	118.773	1770000	Shuyang
P	CN	34.600	119.170	715600	Lianyungang
P	CN	28.450	119.900	172777	Lishui
P	CN	28.680	121.450	471500	Jiaojing|Jiaojiang
P	CN	28.970	118.870	370000	Quzhou
P	JP	34.251	132.566	196991	Kure
P	JP	35.467	133.067	156811	Matsue
P	JP	35.500	134.233	154098	Tottori
P	JP	33.163	129.718	237444	Sasebo
P	CN	45.180	124.820	495900	Songyuan
P	CN	43.350	128.220	191870	Dunhua
P	CN	44.145	125.844	205399	Jiutai
P	JP	33.870	130.820	997536	Kitakyūshū|Kitakyushu
P	JP	32.801	130.701	718232	Kumamoto
P	JP	33.243	131.598	448907	Ōita|Oita
P	CN	46.630	126.980	252245	Suihua
P	CN	46.670	131.350	500000	Shuangyashan
P	CN	46.080	125.980	179980	Zhaodong
P	JP	35.423	136.763	412895	Gifu
P	JP	34.717	136.517	500000	Tsu
P	JP	36.240	137.970	224926	Matsumoto
P	JP	34.986	138.385	701561	Shizuoka
P	JP	34.718	137.733	977023	Hamamatsu
P	JP	42.930	143.170	173890	Obihiro
P	JP	42.650	141.550	174806	Tomakomai
P	JP	36.070	136.220	248707	Fukui
P	JP	34.223	135.168	440006	Wakayama
P	JP	36.370	140.480	353892	Mito
P	JP	35.650	138.583	197540	Kōfu|Kofu
P	JP	37.055	140.890	357309	Iwaki
P	JP	37.450	138.860	195318	Nagaoka
P	JP	38.270	140.320	272209	Yamagata
P	CD	-5.923	12.355	153915	Moanda|Muanda
P	CD	-5.250	14.860	197545	Mbanza-Ngungu|Nkamba
P	CD	-6.740	23.960	154425	Gandajika
P	CD	0.490	29.450	332903	Beni
P	GM	13.280	-16.660	195136	Brikama
P	GH	9.400	-0.840	360579	Tamale
P	GH	6.190	-1.660	180117	Obuasi
P	GH	6.090	-0.260	156653	Koforidua
P	GH	5.640	0.010	209000	Tema
P	IN	32.270	75.720	253987	Pathankot
P	IN	29.490	75.030	181639	Sirsa
P	IN	29.400	76.970	292808	Panipat
P	IN	29.680	76.970	225049	Karnal
P	IN	34.200	74.350	167986	Baramula|Baramulla
P	IN	14.750	78.570	197451	Proddatur
P	IN	15.520	78.480	188654	Nandyal
P	IN	13.780	77.490	168312	Hindupur
P	IN	13.650	79.420	287035	Tirupati|Tirupathi|Tirumala Tirupati
P	IN	15.560	80.050	202860	Ongole
P	IN	18.120	83.500	179358	Vizianagaram
P	IN	17.030	81.790	304804	Rajahmundry|Rajamahendravaram
P	IN	16.200	81.180	192827	Machilipatnam
P	IN	17.280	80.160	290839	Khammam
P	IN	15.860	80.340	253000	Chirala
P	IN	18.460	79.110	288251	Karimnagar
P	IN	18.670	78.100	388505	Nizamabad
P	IN	8.900	76.570	394163	Kollam
P	IN	9.500	76.370	176783	Alappuzha
P	IN	19.820	85.900	201026	Puri
P	IN	21.470	83.970	310852	Sambalpur
P	IN	22.230	84.830	625831	Raurkela|Rourkela
P	IN	12.570	76.920	285034	Mandya
P	IN	13.930	75.560	654055	Shivamogga
P	IN	16.210	77.355	255240	Raichur
P	IN	15.280	76.375	286007	Hosapete|Hospet
P	IN	17.923	77.518	300136	Bidar
P	IN	16.860	74.575	601214	Sangli
P	IN	19.270	76.760	378326	Parbhani
P	IN	20.560	74.525	690844	Malegaon
P	IN	24.790	92.790	152393	Silchar
P	IN	25.570	91.880	375527	Shillong
P	FR	49.184	-0.350	190099	Caen
P	FR	47.210	-1.590	438537	Nantes
P	FR	43.134	5.919	357693	Toulon
P	FR	43.610	3.870	327254	Montpellier
P	FR	43.830	4.350	169547	Nîmes|Nimes
P	FR	47.330	5.030	169946	Dijon
P	FR	47.380	0.700	236096	Tours
P	FR	47.900	1.900	217301	Orléans|Orleans
P	FR	49.430	1.080	532559	Rouen
P	FR	49.250	4.030	196565	Reims
P	FR	47.750	7.350	215454	Mulhouse|Mülhausen
P	FR	48.684	6.200	268976	Nancy
P	FR	49.120	6.180	409186	Metz
P	CL	-29.953	-71.344	161317	Coquimbo|Atlético Morelia
P	GE	41.570	45.050	157063	Rustavi|Rustawi
P	IL	32.822	34.978	1011000	Haifa
P	IL	32.704	35.296	151459	Nazareth
P	IQ	32.615	44.024	510692	Karbala|Kerbela
P	DE	54.070	12.150	203080	Rostock
P	IR	33.980	51.580	250000	Kashan|Kaschan
P	IR	32.700	51.470	437138	Khomeini Shahr|Khomeyni Shahr|Chomeinischahr
P	IR	37.252	55.171	159982	Gonbad-e Kavus
P	IR	36.830	54.480	281023	Gorgan
P	IR	36.471	52.363	221650	Amol
P	IR	36.550	53.100	271467	Sari|Sāri
P	IR	35.802	50.968	1423000	Karaj|Karadsch
P	IR	32.380	48.470	315482	Dezful
P	IR	33.480	48.350	375198	Khorramabad|Chorramabad
P	IR	33.630	46.430	152894	Ilam
P	IQ	31.310	45.280	174978	As Samawah|Samawah|Samawa
P	IQ	31.043	46.268	451547	An Nasiriyah|Nasiriya
P	IQ	31.842	47.151	345007	Al Amarah|Thi Qar|Amara
P	IQ	32.491	45.830	321521	Al Kut|Kut
P	IR	35.022	50.331	175533	Saveh
P	IR	34.080	49.700	503647	Arak
P	IR	36.770	45.720	162434	Mahabad
P	IR	38.530	44.970	202728	Khvoy|Khoy|Choy
P	IR	37.420	46.220	151385	Maragheh|Maragha
P	IQ	35.561	45.431	723170	As Sulaymaniyah|Sulaymaniyah|Sulaimaniyya
P	IQ	33.748	44.657	299479	Baqubah|Baquba
P	IN	30.320	76.385	329224	Patiala
P	IN	25.350	74.635	389911	Bhilwara
P	IN	25.790	73.330	210103	Pali
P	IN	26.150	75.790	181734	Tonk
P	IN	27.610	75.140	400000	Sikar
P	IN	28.030	73.330	576015	Bikaner
P	IN	27.250	77.500	229384	Bharatpur
P	IN	27.545	76.605	283228	Alwar
P	IN	25.880	80.800	166480	Fatehpur
P	IN	26.750	82.170	153047	Faizabad
P	IN	27.620	81.670	182218	Bahraich
P	IN	25.145	82.570	245817	Mirzapur
P	IN	25.453	78.557	826494	Jhansi
P	IN	27.880	79.905	320434	Shahjahanpur
P	IN	28.815	79.025	296418	Rampur
P	IN	28.347	79.418	817000	Bareilly
P	IN	26.785	79.015	257448	Etawah
P	IN	30.320	78.050	714223	Dehra Dun|Dehradun
P	IN	22.580	88.330	4841638	Haora|Howrah
P	IN	22.026	88.058	200762	Haldia
P	IN	22.850	88.520	483129	Bhatpara
P	IN	22.330	87.150	169127	Medinipur
P	IN	26.720	88.455	515574	Siliguri|Shiliguri
P	IN	25.785	87.480	198453	Purnia
P	IN	26.120	85.380	333200	Muzaffarpur
P	IN	22.090	82.160	543454	Bilaspur
P	IN	21.300	76.130	197233	Burhanpur
P	IN	23.190	75.790	513350	Ujjain
P	IN	23.350	75.030	307229	Ratlam
P	IN	23.850	78.750	328240	Sagar
P	IN	12.920	79.150	177081	Vellore
P	IN	9.420	77.580	369991	Rajapalaiyam|Rajapalayam
P	IN	11.720	79.770	158569	Cuddalore
P	IN	12.834	79.717	155029	Kanchipuram
P	IN	8.730	77.690	542200	Tirunelveli
P	IN	8.180	77.430	224329	Nagercoil
P	IN	10.770	79.150	219571	Thanjavur
P	IN	11.080	77.330	650000	Tiruppur|Tirupur
P	IN	20.850	72.920	163000	Navsari
P	IN	23.250	69.810	289429	Bhuj|Bhojpur
P	IN	21.778	72.130	554978	Bhavnagar
P	IN	23.300	72.640	195891	Gandhinagar
P	IN	23.710	92.720	283021	Aizawl
P	IN	23.835	91.280	203264	Agartala
P	DK	55.400	10.383	158222	Odense
P	CI	4.770	-6.640	210273	San-Pedro|San Pédro|San-Pédro
P	IQ	33.348	43.777	231819	Al Fallujah|Fallujah|Falludscha
P	IQ	32.472	44.422	594605	Al Hillah|Hillah|Hilla
P	BR	-19.450	-44.250	201334	Sete Lagoas
P	BR	-20.150	-44.900	193832	Divinópolis|Divinopolis
P	BR	-19.480	-42.520	407894	Ipatinga
P	BR	-16.470	-54.640	152912	Rondonópolis|Rondonopolis
P	BR	-29.710	-51.140	876990	Novo Hamburgo
P	BR	-32.049	-52.120	187838	Rio Grande
P	BR	-23.410	-51.930	328335	Maringá|Maringa
P	BR	-24.960	-53.460	257172	Cascavel
P	BR	-25.523	-54.530	440455	Foz do Iguaçu|Foz do Iguacu
P	BR	-26.900	-48.680	327126	Itajaí|Itajai
P	BR	-27.810	-50.310	164676	Lajes|Lages
P	BR	-7.230	-39.420	273883	Crato
P	BR	-14.790	-39.280	221938	Itabuna
P	BR	-22.520	-44.095	456362	Volta Redonda
P	BR	-22.509	-43.200	286071	Petrópolis|Petropolis
P	CA	49.050	-122.300	151683	Abbotsford
P	CA	44.384	-79.700	182041	Barrie
P	CM	5.490	10.410	290768	Bafoussam
P	CM	4.030	9.190	212474	Limbe
P	RS	43.890	20.330	170000	Čačak|Cacak
P	RS	43.330	21.900	250000	Niš|Nis
P	RS	45.250	19.850	225457	Novi Sad|Neusatz
P	BR	-16.320	-48.960	319587	Anápolis|Anapolis
P	AR	-34.910	-57.960	694253	La Plata
P	BR	-20.800	-49.390	374699	São José do Rio Preto|Sao Jose do Rio Preto
P	BR	-22.550	-47.400	289665	Limeira
P	BR	-23.020	-45.560	403560	Taubaté|Taubate
P	CM	3.800	10.120	203149	Edéa|Edea
P	CM	4.580	13.680	218111	Bertoua
P	CM	7.320	13.580	231357	Ngaoundéré|Ngaoundere
P	AL	42.068	19.519	155767	Shkodër|Shkoder|Shkodra
P	BE	50.420	4.450	345367	Charleroi
P	AF	36.750	66.900	179969	Balkh|Balch
P	AF	35.930	64.770	199795	Meymaneh|Maymana|Maimana
P	AF	36.728	68.873	259809	Kondoz|Kunduz|Kundus
P	AF	34.442	70.436	597971	Jalalabad|Dschalalabad
P	BD	24.750	90.380	330126	Mymensingh|Maimansingh
P	BD	24.900	89.950	167900	Jamalpur
P	BD	23.620	90.500	223622	Narayanganj
P	BO	-19.570	-65.750	179901	Potosí|Potosi
P	DZ	35.190	-0.640	208604	Sidi bel Abbes|Sidi Bel Abbès|Sidi bel Abbès
P	DZ	34.890	-1.320	229777	Tlimcen|Tlemcen
P	DZ	36.880	6.900	225181	Skikda
P	BJ	9.700	1.680	202810	Djougou
P	DZ	33.370	6.860	177497	El Oued
P	DZ	36.170	1.320	449167	Chlef|Ech Cheliff
P	DZ	35.940	0.090	188354	Mostaganem
P	DZ	35.380	1.320	184195	Tiarat|Tiaret
P	DZ	36.760	5.070	384937	Béjaïa|Bejaia|Bejaïa
P	DZ	36.420	2.830	511348	Blida
P	DZ	35.410	8.120	171742	Tébessa|Tebessa
P	BA	43.350	17.820	163067	Mostar
P	BG	43.216	27.895	312770	Varna|Warna
P	BG	43.854	25.973	184270	Ruse|Russe
P	AT	47.078	15.410	263234	Graz
P	AT	48.319	14.289	349161	Linz
P	AT	47.810	13.040	206279	Salzburg
P	AT	47.280	11.410	155214	Innsbruck
P	BY	53.899	30.325	369200	Mahilyow|Mogilev|Mahiljou
P	BY	53.127	29.193	220517	Babruysk|Babrujsk
P	BY	53.678	23.834	317365	Hrodna|Grodno
P	BY	54.226	28.492	155389	Barysaw|Baryssau
P	BD	23.170	89.200	243987	Jashore|Jessore
P	BD	22.700	90.375	202242	Barishal|Barisal
P	BD	23.470	91.170	389411	Comilla|Cumilla|Kumilla
P	AU	-38.100	145.283	460491	Cranbourne
P	BA	44.780	17.180	221738	Banja Luka
P	BD	25.800	89.000	232209	Saidpur
P	MM	21.462	95.391	163812	Myingyan
P	MM	17.782	95.741	176571	Letpadan|Letpandan
P	MM	16.262	97.721	152300	Mudon
P	MM	16.500	97.670	438861	Mawlamyine|Mawlamyaing
P	MM	17.648	95.468	180728	Hinthada
P	MM	16.770	94.750	237089	Pathein
P	CY	34.675	33.033	154000	Lemosos|Limassol
P	NP	28.264	83.972	200000	Pokhara
P	KR	37.501	126.781	866000	Bucheon|Puch'on
P	KR	37.441	127.136	942000	Songnam|Seongnam
P	KR	37.655	126.835	903000	Goyang
P	PR	18.000	-66.617	160334	Ponce
P	PR	18.202	-67.140	291339	Mayagüez|Mayaguez
P	SM	43.936	12.442	29579	San Marino
P	MU	-20.316	57.517	299975	Curepipe
P	LI	47.134	9.517	36281	Vaduz
P	PS	32.221	35.254	215981	Nablus
P	DO	18.417	-68.967	208437	La Romana
P	TW	24.073	120.513	750000	Changhua
P	TW	23.475	120.435	500000	Chiayi|Chiayi City
P	TW	24.817	120.977	750000	Hsinchu
P	TW	24.570	120.820	150000	Miaoli|Miaoli City
P	TW	22.682	120.482	503530	Pingtung|Pingtung City
P	US	47.211	-122.515	719868	Tacoma
P	US	33.787	-118.158	2036134	Long Beach
P	US	40.249	-111.638	356712	Provo
P	US	34.736	-92.331	270893	Little Rock
P	US	37.720	-97.330	401843	Wichita
P	US	30.200	-92.020	158214	Lafayette
P	US	31.549	-97.146	167347	Waco
P	US	33.580	-101.880	213300	Lubbock
P	VE	10.052	-69.302	1116000	Barquisimeto
P	US	41.772	-72.682	913000	Hartford
P	US	41.823	-71.417	1277000	Providence
P	US	33.530	-86.825	1128047	Birmingham
P	US	30.680	-88.050	253466	Mobile
P	US	30.421	-87.217	234384	Pensacola
P	US	27.771	-82.679	800313	
P	US	36.070	-79.800	388887	Greensboro
P	US	39.752	-84.202	773000	Dayton
P	US	36.855	-75.980	1491000	Virginia Beach
P	US	43.073	-89.401	327447	Madison
P	US	44.530	-88.000	198611	Green Bay
P	US	40.217	-74.743	366513	Trenton
P	VE	9.750	-63.170	410972	Maturín|Maturin
P	VE	10.450	-64.180	317603	Cumaná|Cumana
P	US	42.734	-84.547	279952	Lansing
P	ES	36.535	-6.225	283157	Cádiz|Cadiz
P	ES	37.165	-3.585	388290	Granada‎|Granada
P	GI	36.132	-5.378	187083	Gibraltar
P	UA	47.859	35.175	788000	Zaporizhzhya|Zaporizhzhia|Saporischschja
P	UZ	37.233	67.273	177687	Termiz|Termez
P	UZ	40.390	71.780	750000	Fargona|Fergana|Fargʻona
P	UZ	41.000	71.670	750000	Namangan
P	TJ	40.290	69.620	437684	Khujand|Chudschand
P	TH	16.420	102.830	251056	Khon Kaen
P	VN	21.600	105.830	500000	Thái Nguyên|Thai Nguyen
P	VN	19.820	105.800	197551	Thanh Hóa|Thanh Hoa
P	VN	20.420	106.200	243186	Nam Định|Nam Dinh
P	VN	18.700	105.680	593645	Vinh
P	VN	17.483	106.600	189265	Đồng Hới|Dong Hoi
P	HN	15.500	-88.030	680091	San Pedro Sula
P	ES	37.980	-1.130	406807	Murcia
P	ES	43.330	-8.420	370610	La Coruña|La Coruna|A Coruña
P	HT	19.759	-72.213	281487	Cap-Haïtien|Cap-Haitien
P	GB	55.948	-3.219	504966	Edinburgh
P	GB	55.002	-1.602	882000	Newcastle|Newcastle upon Tyne
P	GB	53.418	-2.920	811000	Liverpool
P	GB	51.500	-3.225	861400	Cardiff
P	TR	40.800	30.415	260109	Adapazarı|Adapazari
P	TR	40.980	39.720	764714	Trabzon
P	KR	37.260	127.009	1078000	Suwon
P	GB	53.832	-1.582	1529000	Leeds
P	TR	37.170	38.795	449549	Şanlıurfa|Sanliurfa
P	ES	42.820	-1.650	274545	Pamplona
P	PE	-6.763	-79.837	596792	Chiclayo
P	PE	-15.500	-70.140	245675	Juliaca
P	PE	-13.175	-74.220	166314	Ayacucho
P	PE	-12.070	-77.135	876877	Callao
P	NI	12.436	-86.879	164441	León|Leon
P	PT	41.152	-8.622	1337000	Porto
P	NL	51.922	4.478	1005000	Rotterdam
P	LU	49.612	6.130	107260	Luxembourg|Luxemburg
P	NO	58.970	5.680	173132	Stavanger
P	SA	25.349	49.586	637389	Hofuf|Al Hufuf
P	PK	31.412	73.108	2617000	Faisalabad
P	PK	33.602	73.038	1858000	Rawalpindi
P	PK	29.390	71.675	552607	Bahawalpur
P	PK	25.532	69.012	356435	Mirpur Khas|Mirput Khas
P	PK	27.714	68.849	417767	Sukkur
P	PK	34.750	72.350	1860310	Saidu|Saidu Sharif
P	MY	1.482	103.728	875000	Johor Bahru
P	MY	3.022	101.548	956000	Kelang|Klang
P	ZA	-26.148	28.328	2986000	Benoni
P	ZA	-26.648	27.958	1074000	Vereeniging
P	PA	9.365	-79.875	204000	Colón|Colon|Bucaramanga
P	RU	58.500	31.330	218717	Velikiy Novgorod|Veliky Novgorod|Weliki Nowgorod
P	RU	64.570	39.830	194292	Severodvinsk|Sewerodwinsk
P	RU	51.740	36.190	409431	Kursk
P	RU	54.200	37.630	489486	Tula
P	RU	52.730	41.430	301482	Tambov|Tambow
P	RU	53.630	55.960	267231	Sterlitamak
P	RU	55.460	65.345	343129	Kurgan
P	RU	61.660	50.820	230910	Syktyvkar|Syktywkar
P	RU	56.130	47.250	446781	Cheboksary|Tscheboksary
P	RU	51.210	58.627	246836	Orsk
P	RU	52.030	47.800	199572	Balakovo|Balakowo
P	RU	60.935	76.580	244937	Nizhenvartovsk|Nizhnevartovsk|Nischnewartowsk
P	RU	51.520	81.210	161065	Rubtsovsk|Rubzowsk
P	RU	53.900	86.710	275615	Prokopyevsk|Prokopjewsk
P	OM	17.025	54.085	203877	Salalah|Salala
P	RU	42.980	47.500	554981	Makhachkala|Machatschkala
P	OM	24.362	56.734	151349	Suhar|Sohar
P	OM	23.680	58.183	237816	Seeb|As Sib|Sib
P	KR	36.021	129.372	435266	Pohang
P	KR	35.549	129.315	1061000	Ulsan
P	KR	35.869	128.605	2460000	Daegu
P	PH	13.170	123.750	320081	Legazpi|Legazpi City
P	RU	64.483	91.233	229731	Noginsk
P	RU	42.837	132.887	159551	Nakhodka|Nachodka
P	RU	43.800	132.020	157068	Ussuriysk|Ussurijsk
P	RU	50.555	137.020	275908	Komsomolsk na Amure|Komsomolsk-on-Amur|Komsomolsk am Amur
P	MX	31.870	-116.620	256565	Ensenada
P	MX	25.422	-101.007	754000	Saltillo
P	MX	31.692	-106.492	1343000	Ciudad Juárez|Ciudad Juarez
P	MX	24.031	-104.670	457140	Durango|Victoria de Durango
P	MX	25.790	-109.000	249047	Los Mochis
P	MX	23.720	-99.130	274900	Ciudad Victoria
P	MX	21.881	-102.292	869000	Aguascalientes|Aguascalientes City
P	MX	18.000	-92.900	428564	Villahermosa
P	MX	18.921	-99.240	834001	Cuernavaca
P	MX	20.632	-100.382	961000	Querétaro|Queretaro|Santiago de Querétaro
P	MX	14.900	-92.270	221521	Tapachula
P	MX	18.500	-88.300	154517	Chetumal
P	KP	38.769	125.450	1127000	Nampo|Nampho|Namp'o
P	KP	41.785	129.790	672614	Chongjin|Ch’ŏngjin
P	KP	40.672	129.203	187270	Kimchaek|Kimch’aek
P	KP	39.912	127.543	773000	Hamhung|Hamhŭng
P	IE	51.899	-8.496	188907	Cork
P	IT	45.072	7.668	1652000	Turin
P	CN	24.282	109.248	1497000	Liuzhou
P	CN	25.092	104.888	816000	Xingyi
P	CN	26.252	105.928	849000	Anshun
P	CN	27.702	106.918	849000	Zunyi
P	CN	30.820	108.400	1680000	Wanzhou
P	CN	33.952	116.748	913000	Huaibei
P	CN	31.352	118.368	810000	Wuhu
P	CN	31.752	116.478	1690000	Luan|Lu'an|Lu’an
P	CN	32.952	117.328	894000	Bengbu
P	CN	30.500	117.050	580497	Anqing
P	CN	23.032	113.118	943000	Foshan
P	ID	-8.650	115.220	732344	Denpasar
P	EC	-1.060	-80.460	213601	Portoviejo
P	CO	6.330	-75.570	519670	Bello
P	CO	8.758	-75.890	275198	Montería|Monteria
P	CO	7.132	-73.128	1009000	Bucaramanga
P	CU	22.418	-83.698	186990	Pinar del Rio|Pinar del Río
P	CU	21.381	-77.917	347562	Camagüey|Camaguey
P	CU	20.145	-75.206	272801	Guantánamo|Guantanamo
P	CU	20.887	-76.263	319102	Holguín|Holguin
P	CO	4.439	-75.232	421685	Ibagué|Ibague
P	CO	2.420	-76.610	258750	Popayán|Popayan
P	CO	11.247	-74.202	431781	Santa Marta
P	CO	7.920	-72.520	722146	Cúcuta|Cucuta
P	CO	4.153	-73.635	374763	Villavicencio
P	CU	22.400	-79.967	250512	Santa Clara
P	EG	30.010	31.190	2681863	Giza|El Giza|Gizeh
P	DE	48.780	9.200	2944700	Stuttgart
P	DE	53.080	8.800	724909	Bremen
P	DE	49.450	11.080	737304	Nürnberg|Nurnberg|Nuremberg
P	CN	41.730	86.150	613000	Korla
P	CN	41.728	82.936	470600	Kuqa|Kuqa County
P	CN	44.300	86.030	640000	Shihezi
P	CN	45.590	84.860	261445	Karamay
P	CN	41.150	80.250	695000	Aksu
P	CN	18.259	109.504	362689	Sanya
P	CN	20.050	110.320	2046189	Haikou
P	CN	34.380	107.150	800000	Baoji
P	CN	35.080	109.030	282258	Tongchuan
P	CN	36.082	111.518	834000	Linfen
P	CN	37.682	112.728	840000	Yuci
P	CN	40.082	113.298	1873000	Datong
P	CN	30.652	113.158	1708000	Jianmen|Jingmen City|Jingmen
P	CN	30.702	111.278	875000	Yichang
P	CN	30.372	113.438	1556000	Xiantao|Xiantao City
P	CN	30.220	115.100	688090	Huangshi
P	CN	27.832	113.148	1080000	Zhuzhou
P	CN	26.232	111.618	1000000	Yongzhou
P	CN	28.602	112.328	1352000	Yiyang
P	CN	29.032	111.678	1469000	Changde
P	CN	29.569	103.731	1157000	Leshan
P	CN	26.550	101.730	461513	Panzhihua
P	CN	32.430	105.870	437435	Guangyuan
P	CN	28.882	105.378	1537000	Luzhou
P	CN	28.772	104.568	902000	Yibin
P	CN	27.322	103.718	809000	Zhaotang|Zhaotong
P	CN	24.380	102.570	396325	Yuxi
P	CN	25.700	100.180	156685	Dali
P	CN	39.932	119.618	1003000	Qinhuangdao
P	CN	39.522	116.678	810000	Langfang
P	CN	40.832	114.928	1046000	Zhangjiakou
P	CN	39.626	118.192	1879000	Tangshan
P	CN	36.082	114.348	887000	Anyang
P	CN	35.252	113.218	857000	Jiaozuo
P	CN	34.852	114.348	872000	Kaifeng
P	CN	34.452	115.648	1753000	Shangqiu
P	CN	33.732	113.298	849000	Pingdingshan
P	CN	32.132	114.068	1541000	Xinyang
P	CN	35.322	113.868	903000	Xinxiang
P	CN	34.682	112.468	1715000	Luoyang
P	CN	41.282	123.178	794000	Liaoyang
P	CN	40.146	124.392	870000	Dandong
P	CN	40.672	122.278	795000	Yingkow|Yingkou
P	CN	41.122	121.098	956000	Jinzhou
P	CN	42.012	121.658	770000	Fuxin
P	CN	41.332	123.748	1012000	Benxi
P	CN	41.867	123.868	1470000	Fushun
P	CN	35.402	116.548	1186000	Jining
P	CN	36.722	119.098	1553000	Weifang
P	CN	36.202	117.118	1629000	Taian|Tai'an
P	CN	35.232	115.448	1338000	Heze
P	CN	36.968	120.708	250000	Laiyang
P	CN	27.802	114.928	913000	Xinyu
P	CN	25.920	114.950	1500000	Ganzhou
P	CN	29.730	115.980	545616	Jiujiang
P	CN	31.782	119.968	1327000	Changzhou
P	CN	32.222	119.428	854000	Zhenjiang
P	CN	32.032	120.823	947000	Nantong
P	CN	30.772	120.748	988000	Jiaxing
P	CN	30.872	120.098	1231000	Huzhou
P	CN	30.002	120.568	777000	Shaoxing
P	CN	29.120	119.650	1092852	Jinhua
P	CN	42.900	125.130	506548	Liaoyuan
P	CN	43.170	124.330	555609	Siping
P	CN	45.620	122.820	386861	Baicheng
P	JP	31.586	130.561	555352	Kagoshima
P	JP	33.846	132.766	533541	Matsuyama
P	CN	39.665	106.812	218427	Wuhai
P	CN	41.030	113.080	281716	Jining
P	CN	45.800	130.850	450617	Qitaihe
P	CN	47.702	128.898	777000	Yichun
P	CN	47.400	130.370	743307	Hegang
P	CN	44.577	129.588	1244000	Mudangiang|Mudanjiang
P	JP	36.560	136.640	551249	Kanazawa
P	JP	42.350	140.980	155676	Muroran
P	JP	43.755	142.380	356612	Asahikawa
P	JP	34.680	135.170	1528478	Kōbe|Kobe
P	JP	35.431	139.602	3697894	Yokohama
P	JP	39.710	140.090	320069	Akita
P	JP	40.825	140.710	298394	Aomori
P	JP	40.570	140.470	174972	Hirosaki
P	JP	40.510	141.540	239046	Hachinohe
P	JP	37.740	140.470	294237	Fukushima
P	JP	39.720	141.130	295172	Morioka
P	JP	37.920	139.040	569797	Niigata
P	IN	16.967	82.238	292923	Kakinada
P	IN	18.010	79.580	1203853	Warangal|Varangal
P	IN	19.320	84.800	324726	Brahmapur|Berhampur
P	IN	16.835	75.710	271064	Vijayapura|Bijapur
P	IN	19.352	73.128	795000	Bhiwandi
P	IN	18.400	76.570	374394	Latur
P	IN	19.110	74.750	391760	Ahmednagar
P	IN	19.970	79.300	595118	Chandrapur
P	IN	20.950	77.770	734451	Amravati
P	IN	20.900	74.770	479073	Dhule
P	IN	27.483	94.900	166366	Dibrugarh
P	IN	24.800	93.950	264986	Imphal
P	FR	48.100	-1.670	209375	Rennes
P	FR	43.717	7.263	927000	Nice|Nizza
P	FR	43.622	1.448	847000	Toulouse
P	FR	45.830	1.250	152199	Limoges
P	FR	50.652	3.078	1044000	Lille
P	FR	48.580	7.750	439972	Strasbourg|Strassburg
P	CL	-38.730	-72.580	265901	Temuco
P	GR	38.230	21.730	163360	Patra|Patras
P	GE	41.600	41.630	155542	Batumi
P	IQ	36.181	44.007	926000	Irbil|Erbil
P	FI	60.454	22.255	175945	Turku
P	KZ	53.221	63.628	236901	Oostanay|Kostanay|Qostanai
P	KZ	50.065	72.965	170600	Temirtau
P	KZ	54.880	69.220	228238	Petropavlovsk|Petropavl|Petropawl
P	IR	35.181	58.451	157135	Kashmar|Kaschmar
P	IR	30.300	57.080	577514	Kerman
P	IN	24.600	73.730	469737	Udaipur
P	IN	26.750	83.380	674246	Gorakhpur
P	IN	23.250	87.865	301725	Barddhaman|Bardhaman
P	IN	24.800	85.000	423692	Gaya
P	IN	21.670	69.670	234684	Porbandar
P	US	35.370	-119.020	443129	Bakersfield
P	US	37.769	-122.221	1510271	Oakland
P	US	34.698	-118.136	225799	Lancaster
P	US	36.682	-121.642	156784	Salinas
P	US	44.050	-123.100	245158	Eugene
P	US	41.970	-91.660	170621	Cedar Rapids
P	US	37.180	-93.320	210939	Springfield
P	US	40.820	-96.680	246220	Lincoln
P	US	25.920	-97.500	181399	Brownsville
P	VE	11.420	-69.680	195227	Coro
P	VE	11.720	-70.210	234736	Punto Fijo
P	US	34.720	-86.610	212733	Huntsville
P	US	26.745	-80.124	1250000	West Palm Beach
P	US	27.336	-82.531	589959	Sarasota
P	US	29.211	-81.023	216890	Daytona Beach
P	US	29.651	-82.325	191097	Gainesville
P	US	26.640	-81.860	188606	Fort Myers
P	US	33.461	-81.985	262332	Augusta
P	US	32.792	-79.992	411940	Charleston
P	US	40.700	-89.670	172308	Peoria
P	US	37.975	-87.556	174102	Evansville
P	US	38.227	-85.751	948000	Louisville
P	US	38.050	-84.500	264578	Lexington
P	US	35.207	-80.832	995000	Charlotte
P	US	41.100	-80.650	311990	Youngstown
P	US	40.799	-81.379	258660	Canton
P	US	41.670	-83.580	469924	Toledo
P	US	39.982	-82.992	1270000	Columbus
P	US	35.070	-85.250	257589	Chattanooga
P	US	42.670	-73.820	870716	Albany
P	US	40.274	-76.885	528892	Harrisburg
P	VE	8.100	-63.600	338000	Ciudad Bolívar|Ciudad Bolivar
P	VE	10.249	-67.598	1007000	Maracay
P	TN	34.750	10.720	453050	Sfax
P	YE	14.800	42.951	780000	Al Hudaydah|Al-Hudaida
P	UA	50.924	34.781	294456	Sumy
P	UA	47.096	37.556	481626	Mariupol
P	YE	14.541	49.126	258132	Al Mukalla|Mukalla|Al-Mukalla
P	TM	41.840	59.965	201424	Daşoguz|Dasoguz
P	UZ	41.560	60.640	150110	Urgentch|Urgench|Urganch
P	VN	12.250	109.170	411556	Nha Trang
P	VN	13.780	109.180	805290	Qui Nhon|Qui Nhơn|Quy Nhơn
P	VN	16.470	107.580	950000	Hue|Huế
P	VN	10.970	106.830	652646	Biên Hòa|Bien Hoa
P	VN	10.050	105.770	1121000	Can Tho|Cần Thơ
P	ZM	-13.133	28.400	151993	Luanshya
P	ZM	-13.000	28.650	396339	Ndola
P	ZW	-19.450	29.820	183358	Gweru
P	ZW	-18.970	32.650	249365	Mutare
P	BR	-22.230	-54.810	162202	Dourados
P	BR	-18.870	-41.970	250878	Governador Valadares
P	BR	-21.770	-43.375	470193	Juiz de Fora
P	BR	-29.683	-53.800	249219	Santa Maria
P	BR	-28.250	-52.420	179529	Passo Fundo
P	BR	-27.100	-52.640	160157	Xapeco|Chapecó
P	BR	-26.318	-48.842	988000	Joinville
P	BR	-7.210	-39.320	225230	Juazeiro do Norte
P	BR	-20.322	-40.368	1704000	Vitória|Vitoria
P	BR	-7.099	-34.878	956000	João Pessoa|Joao Pessoa
P	BR	-7.230	-35.880	417261	Campina Grande
P	BR	-22.260	-42.540	171991	Nova Friburgo
P	CA	43.250	-79.830	721053	Hamilton
P	CA	42.315	-83.037	319246	Windsor
P	BO	-17.410	-66.170	1000000	Cochabamba
P	AR	-33.300	-66.350	432310	San Luis
P	AR	-33.130	-64.350	153757	Río Cuarto|Rio Cuarto
P	AR	-24.183	-65.300	305891	San Salvador de Jujuy
P	BR	-21.210	-50.450	170024	Araçatuba|Aracatuba
P	BE	51.222	4.413	920000	Antwerpen|Antwerp
P	AF	36.139	68.699	218748	Baghlan|Baglan
P	BO	-17.980	-67.130	246501	Oruro
P	TR	39.795	30.530	514869	Eskişehir|Eskisehir
P	TR	36.892	30.698	783000	Antalya
P	TR	38.735	35.490	592840	Kayseri
P	BY	52.430	31.000	480951	Homyel|Gomel|Homel
P	AU	-34.415	150.890	260914	Wollongong
P	AU	-38.167	144.396	160991	Geelong
P	TR	37.077	37.383	1044000	Gaziantep
P	BD	25.750	89.280	285564	Rangpur
P	MM	17.320	96.515	284318	Bago
P	MM	22.105	95.150	226222	Monywa
P	ES	41.650	-4.750	322304	Valladolid
P	SY	34.732	36.718	1005000	Homs|Hims
P	RO	46.788	23.598	316748	Cluj-Napoca|Klausenburg
P	TH	8.400	99.970	232335	Nakhon Si Thammarat
P	TH	6.996	100.471	317954	Hat Yai
P	TH	15.250	104.830	273893	Ubon Ratchathani
P	PE	-9.920	-76.240	158145	Huánuco|Huanuco
P	PT	32.650	-16.880	204767	Funchal
P	SL	7.970	-11.740	174354	Bo
P	SN	12.590	-16.290	191716	Ziguinchor
P	ES	39.574	2.654	375773	Palma|Palma de Mallorca
P	SD	14.400	33.520	332714	Medani|Wad Madani
P	SD	14.040	35.380	201282	Gedaref|Al Qadarif|Al-Qadarif
P	SD	17.710	33.980	168612	Atbarah|Atbara
P	SD	13.170	32.660	345068	Kosti|Kusti
P	SD	13.630	25.350	252609	El Fasher|Al-Fashir|Al-Faschir
P	SD	11.010	29.700	176931	Kadugli|Kaduqli
P	SA	18.230	42.500	210886	Abha
P	ZA	-28.747	24.770	165264	Kimberley
P	MZ	-19.120	33.470	256936	Chimoio
P	ZA	-25.650	27.240	165976	Rustenburg
P	ZA	-26.880	26.620	178921	Klerksdorp
P	ZA	-23.890	29.450	220045	Polokwane
P	ZA	-22.950	30.480	269707	Thohoyandou
P	ZA	-27.760	30.790	150012	Vryheid
P	ZA	-29.610	30.390	750845	Pietermaritzburg
P	MA	35.747	-5.833	750060	Tangier|Tanger
P	MA	30.440	-9.620	825467	Agadir
P	ZA	-32.870	27.390	160997	Bhisho
P	RU	57.010	41.010	420839	Ivanovo|Iwanowo
P	RU	57.770	40.940	277656	Kostroma
P	RU	52.620	39.640	515655	Lipetsk|Lipezk
P	RU	52.970	36.070	334552	Orel|Oryol|Orjol
P	RU	47.510	42.160	167731	Volgodonsk|Wolgodonsk
P	RU	50.630	36.600	345289	Belgorod
P	RU	44.730	37.770	241856	Novorossiysk|Noworossijsk
P	RU	56.130	40.410	318648	Vladimir|Wladimir
P	RU	55.175	59.650	191366	Zlatoust|Slatoust
P	RU	56.850	53.230	631038	Izhevsk|Ischewsk
P	LK	9.675	80.005	250000	Jaffna
P	PH	10.632	122.982	949354	Bacolod
P	PH	9.754	118.744	157144	Puerto Princesa
P	PH	13.619	123.181	741635	Naga
P	PH	15.145	120.545	314493	Angeles
P	PH	13.782	121.022	424508	Batangas|Batangas City
P	PH	7.217	124.248	279519	Cotabato|Cotabato City
P	PH	8.451	124.685	1121561	Cagayan de Oro
P	SO	0.072	42.751	185270	Jamaame|Jamame
P	SO	-0.357	42.518	234852	Kismaayo|Kismayo
P	MX	26.900	-101.420	236244	Monclova
P	MR	16.020	-16.510	220792	Saint-Louis
P	NG	8.492	4.548	771000	Ilorin
P	NG	9.620	6.550	291905	Minna
P	NG	11.082	7.708	889000	Zaria
P	NG	9.930	8.890	816824	Jos
P	PL	51.777	19.449	758000	Łódź|Lodz
P	RU	59.420	56.760	167748	Berezniki|Beresniki
P	TZ	-5.070	39.090	224876	Tanga
P	ES	41.650	-0.890	649404	Zaragoza|Saragossa
P	SE	57.750	12.000	537797	Göteborg|Goteborg|Gothenburg
P	ID	1.750	98.800	217312	Sibolga
P	ID	2.961	99.061	341200	Pematangsiantar|Pematang Siantar
P	ID	0.567	101.423	799000	Pekanbaru
P	ID	1.480	124.850	451893	Manado
P	ID	-7.780	110.375	636660	Yogyakarta|Yogyakarta City
P	ID	-3.955	122.597	165377	Kendari
P	ID	-0.907	119.833	612445	Palu
P	IT	44.410	8.930	647497	Genoa|Genua
P	KE	-0.280	36.070	364727	Nakuru
P	MY	4.865	100.720	237095	Taiping
P	MY	4.600	101.065	673318	Ipoh
P	MY	6.120	102.230	505583	Kota Baharu|Kota Bharu
P	MY	2.206	102.246	788706	Malacca|Melaka City|Malakka
P	MY	3.830	103.320	366229	Kuantan
P	CN	30.954	118.753	866000	Xuanzhou|Xuancheng
P	CN	22.279	113.566	1023000	Zhuhai
P	ID	-0.500	117.150	592228	Samarinda
P	MY	4.271	117.896	306462	Tawau
P	MY	5.843	118.108	392288	Sandakan
P	MY	5.980	116.110	527671	Kota Kinabalu
P	MY	2.303	111.843	203832	Sibu
P	KE	-0.090	34.750	395615	Kisumu
P	MG	-19.850	47.033	307921	Antsirabe
P	MG	-18.182	49.405	210226	Toamasina
P	ID	-6.733	108.567	254298	Cirebon
P	ID	-7.325	108.215	271143	Tasikmalaya
P	ID	-6.568	106.748	918000	Bogor
P	ID	-3.800	102.270	426673	Bengkulu
P	ID	-0.030	109.320	607311	Pontianak
P	ID	-8.173	113.687	298585	Jember
P	ID	-3.414	114.836	198239	Martapura
P	EC	-3.260	-79.960	213034	Machala
P	EC	-0.980	-80.730	183166	Manta
P	EC	-1.670	-78.650	172464	Riobamba
P	CD	3.260	19.770	198056	Gemena
P	GQ	1.870	9.770	173046	Bata
P	TD	9.150	18.390	169196	Sarh
P	EG	28.090	30.750	500000	El Minya|Minya|Al-Minya
P	EG	24.470	32.950	303962	Kom Ombo
P	EG	27.230	33.830	157204	Hurghada
P	CD	2.760	27.620	157196	Isiro
P	DE	50.932	6.948	1004000	Cologne|Köln
P	CN	34.348	108.713	1126000	Xianyang
P	CN	32.022	112.128	1069000	Xiangyang
P	CN	30.535	105.531	1425000	Suining
P	CN	41.242	119.399	806000	Lingyuan
P	CN	37.500	122.100	560255	Weihai
P	CN	27.835	114.398	982000	Yichun
P	CN	33.388	120.123	839000	Yancheng
P	CN	30.055	119.950	771000	Fuyang
P	CD	-6.410	20.770	267462	Tshikapa
P	CD	-5.830	13.050	178638	Boma
P	CD	-2.510	28.840	436779	Bukavu
P	CD	-3.370	29.140	170391	Uvira
P	CD	-2.964	25.910	262914	Kindu
P	CD	-7.000	23.440	189177	Mwene-Ditu
P	CD	-10.970	26.780	434408	Likasi
P	ID	-1.590	103.610	457090	Jambi
P	GH	6.692	-1.632	1646000	Kumasi
P	GH	4.943	-1.704	286248	Sekondi|Sekondi-Takoradi
P	IN	14.440	79.990	678004	Nellore
P	IN	15.830	78.030	424920	Kurnool
P	IN	16.330	80.450	530577	Guntur
P	IN	13.330	77.100	399606	Tumakuru|Tumkur
P	IN	14.470	75.920	503564	Davangere|Davanagere
P	IN	15.150	76.915	445388	Ballari|Bellary
P	IN	15.865	74.505	608756	Belagavi|Belgaum
P	CL	-36.600	-72.106	150396	Chillán|Chillan
P	CL	-34.170	-70.740	233268	Rancagua
P	CL	-40.570	-73.160	154131	Osorno
P	CL	-35.455	-71.670	197479	Talca
P	LY	32.080	23.960	263527	Tubruq|Tobruk
P	LB	34.422	35.868	530000	Ṭarābulus|Tarabulus|Tripoli
P	ET	11.130	39.630	183802	Dese|Dessie
P	ET	9.320	42.150	174994	Harar|Harar Jugol
P	ET	8.550	39.270	476892	Nazret|Adama
P	KZ	51.271	51.335	209788	Oral
P	IR	28.920	50.830	169060	Bandar-e Bushehr|Bushehr|Buschehr
P	IR	30.331	48.280	370180	Abadan
P	IR	38.250	48.300	414603	Ardabil
P	IR	34.652	50.948	973000	Qom|Ghom
P	IR	36.270	50.000	464551	Qazvin
P	IR	34.382	47.058	828313	Kermanshah|Kermānschāh
P	IR	37.300	49.630	594590	Rasht
P	IR	32.880	59.220	324703	Birjand|Birdschand
P	IR	36.220	57.630	226183	Sabzewar|Sabzevar|Sabsevar
P	IR	31.021	61.481	233968	Zabol
P	IR	29.500	60.830	598887	Zahedan
P	IN	8.820	78.130	436094	Tuticorin|Thoothukudi
P	IN	10.380	78.000	200797	Dindigul
P	DK	56.157	10.211	237551	Århus|Aarhus
P	CI	9.460	-5.640	177711	Korhogo
P	CI	6.890	-6.450	255168	Daloa
P	BR	-6.984	-60.270	980588	Natal
P	BR	-7.464	-63.040	273883	Crato
P	BR	-5.520	-47.490	218106	Imperatriz
P	BR	-10.238	-48.288	235315	Palmas
P	BR	-19.780	-47.950	260843	Uberaba
P	BR	-23.300	-51.180	520238	Londrina
P	BR	-28.680	-49.390	204217	Criciúma|Criciuma
P	BR	-9.750	-36.670	187668	Arapiraca
P	BR	-14.780	-39.050	230622	Ilhéus|Ilheus
P	BR	-21.750	-41.320	387417	Campos|Campos dos Goytacazes
P	BR	-5.190	-37.340	202583	Mossoró|Mossoro
P	BR	-10.900	-37.120	685356	Aracaju
P	BR	3.217	-51.217	1209091	Vila Velha
P	CA	46.500	-80.967	157857	Sudbury|Greater Sudbury
P	AR	-28.470	-65.780	188812	Catamarca|San Fernando del Valle de Catamarca
P	AR	-29.410	-66.850	162620	La Rioja
P	AR	-27.783	-64.267	354692	Santiago del Estero
P	AR	-27.460	-58.990	387158	Resistencia
P	BR	-23.952	-46.335	1709000	Santos
P	BR	-22.330	-49.080	335024	Bauru
P	BR	-20.530	-47.390	305041	Franca
P	BR	-8.280	-35.980	242094	Caruaru
P	AO	-12.370	13.541	207932	Lobito
P	DZ	25.280	3.750	423251	Arak
P	DZ	31.970	5.340	176271	Ouargla
P	DZ	34.860	5.730	202103	Biskra
P	DZ	34.680	3.250	170901	Djelfa|El Djelfa
P	DZ	36.180	5.400	274744	Sétif|Setif
P	DZ	35.570	6.170	280798	Batna
P	BG	42.515	27.475	195966	Burgas
P	BY	55.189	30.185	342700	Vitsyebsk|Vitebsk|Witebsk
P	MM	12.454	98.611	266720	Myeik|Mergui
P	FM	6.917	158.150	4645	Palikir
P	MH	7.103	171.380	25400	Majuro
P	TV	-8.517	179.217	4749	Funafuti
P	PW	7.487	134.627	7026	Melekeok
P	MC	43.740	7.407	36371	Monaco
P	KI	1.338	173.018	28802	Tarawa|South Tarawa
P	KM	-11.704	43.240	128698	Moroni
P	MO	22.203	113.545	568700	Macau
P	AD	42.500	1.516	53998	Andorra|Andorra la Vella
P	ES	28.470	-16.250	336061	Santa Cruz de Tenerife
P	TW	23.984	121.600	350468	Hualien|Hualien City
P	TW	25.013	121.465	3893740	New Taipei|Neu-Taipeh
P	TW	23.000	120.200	1876312	Tainan
P	TW	22.755	121.140	175000	Taitung|Taitung City
P	US	34.122	-117.302	1745000	San Bernardino
P	US	41.182	-73.202	1018000	Bridgeport
P	US	43.172	-77.622	755000	Rochester
P	GB	53.502	-2.250	2230000	Manchester
P	PK	32.162	74.183	1513000	Gujranwala
P	KR	37.478	126.640	2550000	Incheon
P	NG	6.342	5.618	1190000	Benin City
P	CN	24.452	118.078	2519000	Xiamen
P	CN	30.782	106.128	2174000	Nanchong
P	CN	29.582	105.048	1466000	Neijiang
P	CN	33.002	112.528	1944000	Nanyang
P	CN	40.752	120.828	2426000	Jinxi|Lianshan
P	CN	37.532	121.398	2116000	Yantai
P	CN	34.882	117.568	2145000	Zaozhuang
P	CN	31.302	120.618	1650000	Suzhou
P	CN	34.282	117.178	2091000	Xuzhou
P	CN	31.582	120.298	1749000	Wuxi
P	CN	43.852	126.548	2396000	Jilin|Jilin City
P	IN	30.722	76.778	979000	Chandigarh
P	IN	32.714	74.845	791000	Jammu
P	IN	17.672	75.898	1057000	Sholapur|Solapur
P	IN	19.898	75.318	1113000	Aurangabad
P	IN	20.002	73.778	1473000	Nasik|Nashik
P	IN	31.337	75.567	855000	Jullundur|Jalandhar
P	IN	25.457	81.838	1201000	Allahabad|Prayagraj
P	IN	28.844	78.755	787000	Moradabad|Muradabad
P	IN	28.662	77.406	1341000	Ghaziabad
P	IN	27.172	78.013	1592000	Agra
P	IN	27.894	78.060	805000	Aligarh
P	IN	29.002	77.698	1398000	Meerut
P	IN	23.802	86.418	1246000	Dhanbad
P	IN	26.232	78.178	978000	Gwalior
P	IN	22.312	73.178	1756000	Vadodara
P	IN	22.312	70.798	1260000	Rajkot
P	US	44.944	-93.085	734854	Saint Paul
P	US	46.877	-96.789	162842	Fargo
P	US	47.038	-122.899	156984	Olympia
P	US	47.670	-117.420	347705	Spokane
P	US	45.630	-122.640	525802	Vancouver
P	US	32.207	-110.892	823000	Tucson
P	US	34.435	-119.720	181632	Santa Barbara
P	US	36.748	-119.773	616353	Fresno
P	US	38.863	-104.792	493654	Colorado Springs
P	US	39.530	-119.820	328585	Reno
P	US	35.105	-106.641	898642	Albuquerque
P	US	44.928	-123.024	229010	Salem
P	US	39.109	-94.606	1469000	Kansas City
P	US	36.120	-95.930	946962	Tulsa
P	US	43.550	-96.730	155724	Sioux Falls
P	US	32.500	-93.770	248053	Shreveport
P	US	30.458	-91.140	422072	Baton Rouge
P	US	32.740	-97.340	1440454	Fort Worth
P	US	27.743	-97.402	277454	Corpus Christi
P	US	30.269	-97.745	1161000	Austin
P	US	35.230	-101.830	181766	Amarillo
P	US	31.782	-106.512	753000	El Paso
P	US	27.506	-99.507	434768	Laredo
P	VE	8.400	-71.130	345489	Mérida|Merida
P	US	32.362	-86.279	198325	Montgomery
P	US	30.450	-84.280	221222	Tallahassee
P	US	28.512	-81.382	1350000	Orlando
P	US	30.332	-81.672	988000	Jacksonville
P	US	32.021	-81.110	180187	Savannah
P	US	34.040	-80.900	398093	Columbia
P	US	39.752	-86.172	1436000	Indianapolis
P	US	34.226	-77.945	161560	Wilmington
P	US	35.970	-83.920	655400	Knoxville
P	US	37.552	-77.452	912000	Richmond
P	US	39.302	-76.622	2255000	Baltimore
P	US	43.050	-76.150	662577	Syracuse
P	TT	10.652	-61.517	294934	Port-of-Spain|Port of Spain
P	TN	35.830	10.625	327004	Sousse
P	YE	13.606	44.037	751000	Taizz|Ta'izz
P	UA	49.835	24.030	803880	Lviv|Lvov|Lwiw
P	UA	46.492	30.708	991000	Odessa
P	UA	50.246	28.662	282192	Zhytomyr|Schytomyr
P	UA	48.482	34.998	1050000	Dnipro
P	UA	48.002	37.828	988000	Donetsk|Donezk
P	UA	50.002	36.248	1461000	Kharkiv|Charkiw
P	UZ	39.780	64.430	319476	Bukhara|Buchara
P	UZ	42.470	59.615	230006	Nukus
P	TM	39.110	63.580	234817	Türkmenabat|Turkmenabat
P	TM	37.600	61.833	178708	Mary
P	UZ	40.790	72.340	650000	Andijan|Andijon
P	VN	20.832	106.678	1969000	Haiphong|Hải Phòng
P	VN	16.060	108.250	1000000	Da Nang|Đà Nẵng
P	ZM	-14.440	28.450	188979	Kabwe
P	ZM	-12.550	28.260	153624	Mufulira
P	ZM	-12.810	28.220	404901	Kitwe
P	ZM	-17.860	25.860	165480	Livingstone
P	ZW	-18.000	31.100	340360	Chitungwiza
P	CM	4.062	9.708	1906000	Douala|Duala
P	GB	52.477	-1.922	2285000	Birmingham
P	GB	54.600	-5.960	450406	Belfast
P	TR	38.438	27.150	2587000	İzmir|Izmir
P	TR	40.202	29.068	1492000	Bursa
P	TR	41.280	36.344	609339	Samsun
P	TR	37.877	32.473	919000	Konya
P	TR	36.997	35.318	1293000	Adana
P	RW	-1.952	30.059	860000	Kigali
P	ES	37.880	-4.770	321376	Córdoba|Cordoba
P	NE	13.492	7.096	232555	Niamey|Maradi
P	RO	44.203	28.610	303399	Constanța|Constanta|Konstanza
P	RO	47.168	27.575	325914	Iași|Iasi
P	TH	9.150	99.340	157627	Surat Thani
P	TH	18.800	98.980	397211	Chiang Mai
P	TH	15.000	102.100	334984	Nakhon Ratchasima
P	SZ	-26.317	31.133	90138	Mbabane
P	PE	-5.210	-80.630	396932	Piura
P	PE	-16.418	-71.532	815000	Arequipa
P	PE	-9.070	-78.570	349846	Chimbote
P	PE	-8.369	-74.535	310750	Pucallpa
P	PE	-3.750	-73.250	458729	Iquitos
P	PE	-12.080	-75.200	412733	Huancayo
P	PY	-25.517	-54.616	320872	Ciudad del Este
P	ES	42.220	-8.730	378952	Vigo
P	ES	43.250	-2.930	875552	Bilbao
P	SN	14.150	-16.100	277812	Kaolack
P	SD	13.450	22.440	162981	Geneina|Al-Dschunaina
P	SA	24.502	39.578	1010000	Medina
P	SA	28.384	36.555	547957	Tabuk
P	SS	9.537	31.656	160765	Malakal
P	SD	15.617	32.480	2395159	Omdurman
P	SD	13.183	30.217	393311	Al-Ubayyid|El Obeid
P	NL	52.080	4.270	1406000	The Hague|Den Haag
P	SI	46.055	14.515	314807	Ljubljana
P	SK	48.150	17.117	423737	Bratislava
P	QA	25.287	51.533	1450000	Doha
P	PK	30.222	67.023	768000	Quetta
P	PK	27.562	68.207	364033	Larkana
P	ZA	-33.950	22.450	174582	George
P	MZ	-15.136	39.293	388526	Nampula
P	ZA	-27.970	26.730	431944	Welkom
P	MA	34.690	-1.910	409391	Oujda|Taza
P	MA	32.320	-9.240	353476	Safi
P	ME	42.466	19.266	145850	Podgorica
P	MZ	-17.880	36.890	188964	Quelimane
P	ZA	-32.970	27.870	338627	East London
P	RU	43.498	43.618	307866	Nalchik|Naltchik|Naltschik
P	RU	45.050	41.980	363064	Stavropol|Stawropol
P	RU	54.700	20.497	434954	Kaliningrad
P	RU	57.830	28.330	201990	Pskov|Pskow
P	RU	53.260	34.430	427236	Bryansk|Brjansk
P	RU	54.783	32.047	320991	Smolensk
P	RU	61.850	34.280	265025	Petrozavodsk|Petrosawodsk
P	RU	56.860	35.890	400212	Tver|Twer
P	RU	59.210	39.920	294889	Vologda|Wologda
P	RU	57.620	39.870	606730	Yaroslavl|Jaroslawl
P	RU	47.237	39.711	1052000	Rostov|Rostov-on-Don|Rostow am Don
P	RU	43.590	39.730	327608	Sochi|Sotschi
P	RU	45.020	39.000	649851	Krasnodar
P	RU	53.180	45.000	512602	Penza|Pensa
P	RU	54.620	39.720	520173	Ryazan|Rjasan
P	RU	51.732	39.268	844000	Voronezh|Woronesch
P	RU	53.423	58.980	413351	Magnitogorsk
P	RU	55.157	61.437	1091000	Chelyabinsk|Tscheljabinsk
P	RU	58.590	49.670	457437	Kirov|Kirow
P	RU	57.920	59.975	381116	Nizhny Tagil|Nischni Tagil
P	RU	46.349	48.055	502533	Astrakhan|Astrachan
P	RU	51.780	55.110	550204	Orenburg
P	RU	51.582	46.028	843000	Saratov|Saratow
P	RU	54.330	48.410	640680	Ulyanovsk|Uljanowsk
P	RU	54.992	73.398	1135000	Omsk
P	RU	57.140	65.530	519119	Tyumen|Tjumen
P	RU	53.750	87.115	539616	Novokuznetsk|Nowokusnezk
P	RU	55.340	86.090	477090	Kemerovo|Kemerowo
P	RU	43.319	45.699	226100	Grozny|Groznyy|Grosny
P	KR	36.337	127.423	1468000	Daejeon
P	KR	35.173	126.908	1440000	Gwangju
P	KR	35.097	129.008	3480000	Busan
P	PH	6.922	122.078	773000	Zamboanga|Zamboanga City
P	PH	18.199	120.594	207048	Laoag
P	PH	16.430	120.570	447824	Baguio|Baguio City
P	PH	6.111	125.175	950530	General Santos
P	RU	52.560	103.920	243158	Angarsk
P	RU	53.704	91.445	167289	Abakan
P	RU	69.340	88.225	165873	Norilsk
P	RU	51.825	107.625	360278	Ulan-Ude|Ulan Ude
P	RU	50.267	127.533	221296	Blagoveshchensk|Blagoweschtschensk
P	RU	48.455	135.120	579000	Khabarovsk|Chabarowsk
P	RU	46.965	142.740	176484	Yuzhno Sakhalinsk|Yuzhno-Sakhalinsk|Juschno-Sachalinsk
P	MX	32.652	-115.482	885000	Mexicali
P	MX	24.140	-110.320	189767	La Paz
P	MX	25.572	-103.422	1144000	Torreón|Torreon
P	MX	24.832	-107.382	809000	Culiacán|Culiacan
P	MX	31.305	-110.945	178097	Nogales
P	MX	29.099	-110.954	595811	Hermosillo
P	MX	22.172	-101.002	992000	San Luis Potosí|San Luis Potosi
P	MX	25.880	-97.500	538785	Matamoros|Heroica Matamoros
P	MX	27.500	-99.550	349550	Nuevo Laredo
P	MX	19.230	-103.720	223287	Colima
P	MX	19.830	-90.500	205212	Campeche
P	MX	17.083	-96.670	530728	Oaxaca|Oaxaca de Juárez
P	MX	21.152	-101.702	1488000	León|Leon|León de Los Aldama
P	NG	11.852	13.158	896000	Maiduguri
P	NG	4.812	7.008	1020000	Port Harcourt
P	NG	7.730	8.530	292645	Makurdi
P	NG	7.382	3.928	2628000	Ibadan
P	NG	8.132	4.238	951000	Ogbomosho
P	NG	5.520	5.760	830106	Warri
P	NG	10.522	7.438	1442000	Kaduna
P	PL	54.360	18.640	740000	Gdańsk|Gdansk|Danzig
P	PL	50.062	19.958	756000	Kraków|Krakow|Krakau
P	KP	39.160	127.431	329207	Wonsan|Wŏnsan
P	KP	40.086	124.421	288112	Sinuiju|Sinŭiju
P	TZ	-2.520	32.930	493944	Mwanza
P	TZ	-6.820	37.660	250902	Morogoro
P	TZ	-6.183	35.750	218269	Dodoma
P	TZ	-3.360	36.670	341136	Arusha
P	CH	46.917	7.467	275329	Bern
P	SE	55.583	13.033	269349	Malmö|Malmo
P	MA	27.150	-13.200	188084	Laayoune|El Aaiún
P	ID	0.793	127.363	187521	Ternate
P	ID	-3.717	128.200	355596	Ambon
P	ID	-2.533	140.700	169341	Jayapura
P	IT	43.780	11.250	1500000	Florence|Florenz
P	IT	37.500	15.080	674542	Catania
P	-99	42.667	21.166	465186	Pristina
P	KE	0.520	35.270	353381	Eldoret
P	ID	5.550	95.320	513698	Banda Aceh
P	MY	5.414	100.329	2500000	George Town
P	CN	38.930	100.450	230728	Zhangye
P	CN	37.928	102.641	493092	Wuwei
P	CN	34.602	105.918	1225000	Tianshui
P	CN	22.632	110.148	1127000	Yulin
P	CN	23.900	106.613	175282	Bose|Baicheng
P	CN	23.480	111.320	442315	Wuzhou
P	CN	26.596	104.831	1221000	Liupanshui
P	CN	24.902	118.578	1463000	Quanzhou
P	CN	31.852	117.278	2035000	Hefei
P	CN	33.638	116.977	1964000	Suzhou
P	CN	21.202	110.378	1590000	Zhanjiang
P	CN	24.800	113.580	720266	Shaoguan
P	ID	-1.250	116.830	445905	Balikpapan
P	MY	1.530	110.330	570407	Kuching
P	MG	-21.433	47.083	184184	Fianarantsoa
P	MG	-15.670	46.345	154657	Mahajanga
P	ID	-7.565	110.825	555308	Surakarta
P	ID	-5.428	105.268	865000	Bandar Lampung
P	ID	-7.978	112.608	805000	Malang
P	ID	-10.179	123.583	282396	Kupang
P	EC	-2.900	-79.000	286878	Cuenca
P	CU	20.025	-75.821	555865	Santiago de Cuba
P	DO	19.500	-70.670	1550753	Santiago|Santiago de los Caballeros
P	CO	5.060	-75.520	375848	Manizales
P	CO	1.214	-77.281	382236	Pasto|San Juan de Pasto
P	CO	10.962	-74.802	1798000	Barranquilla
P	DM	15.301	-61.387	23336	Roseau
P	CD	0.040	18.260	274996	Mbandaka
P	TD	8.550	16.090	156705	Moundou
P	EG	30.005	32.550	508335	Suez|Sues
P	EG	31.260	32.290	623864	Bur Said|Port Said
P	EG	29.310	30.840	316772	El Faiyum|Faiyum|al-Fayyūm
P	EG	24.088	32.899	313442	Aswan|Assuan
P	EG	27.190	31.180	420585	Asyut
P	CD	0.520	25.220	578470	Kisangani
P	DJ	11.595	43.148	923000	Djibouti|Dschibuti
P	DE	51.050	13.750	617515	Dresden
P	CN	38.426	77.250	851374	Shache|Yarkant County|Yarkant
P	CN	43.900	81.350	542507	Yining|Yining City|Gulja
P	CN	38.283	109.733	155960	Yulin
P	CN	32.680	109.020	1100000	Ankang
P	CN	29.382	113.098	826000	Yueyang
P	CN	26.882	112.588	1016000	Hengyang
P	CN	31.472	104.768	1396000	Mianyang
P	CN	27.880	102.300	379993	Xichang
P	CN	25.120	99.150	1000000	Baoshan
P	CN	38.052	114.478	2417000	Shijiazhuang
P	CN	36.582	114.478	1631000	Handan
P	CN	41.117	122.938	1639000	Anshan
P	CN	38.925	121.628	3167000	Dalian
P	CN	36.092	120.328	2866000	Qingdao
P	CN	35.082	118.328	2082000	Linyi
P	CN	33.582	119.028	1264000	Huaiyin|Huai'an|Huai’an
P	CN	28.022	120.648	2350000	Wenzhou
P	CN	29.882	121.548	1923000	Ningbo
P	JP	33.597	130.408	2792000	Fukuoka
P	JP	31.918	131.418	324384	Miyazaki
P	JP	26.207	127.673	905238	Naha
P	JP	33.562	133.538	335570	Kōchi|Kochi
P	ID	0.550	123.070	365497	Gorontalo|Kota Gorontalo
P	CN	43.622	122.268	884000	Tongliao
P	CN	40.822	111.658	1726000	Hohhot
P	CN	42.272	118.948	1277000	Chifeng
P	CN	46.080	122.080	241894	Ulan Hot|Ulanhot
P	CN	49.200	119.700	231171	Hailar
P	CN	46.832	130.348	1020000	Jiamusi
P	CN	48.239	126.482	154936	Bei'an|Beian|Bei’an
P	CN	46.582	124.998	1693000	Daqing
P	CN	45.302	130.968	965000	Jixi
P	JP	35.157	136.913	3230000	Nagoya
P	JP	36.650	138.170	594311	Nagano
P	JP	42.975	144.375	198566	Kushiro|Kushiro-shi
P	JP	41.795	140.740	302984	Hakodate
P	JP	35.032	135.748	1805000	Kyoto|Kyōto
P	JP	38.289	141.020	2250000	Sendai
P	CD	-5.888	22.398	765000	Kananga
P	CD	-6.148	23.598	1295000	Mbuji-Mayi
P	CD	-5.933	29.200	206257	Kalemie
P	CD	0.130	29.280	286403	Butembo
P	MW	-15.790	34.990	584877	Blantyre
P	GT	14.830	-91.520	575263	Quetzaltenango
P	GM	13.454	-16.592	43094	Banjul
P	IN	28.435	77.315	1394000	Faridabad
P	IN	34.102	74.813	1140000	Srinagar
P	IN	16.522	80.628	1137000	Vijayawada
P	IN	8.502	76.948	954000	Thiruvananthapuram
P	IN	10.017	76.222	1519000	Kochi
P	IN	20.470	85.890	580000	Cuttack|Pochinki
P	IN	15.362	75.123	890000	Hubballi|Hubli|Hubli-Dharwad
P	IN	12.900	74.850	776632	Mangaluru|Mangalore
P	IN	12.312	76.658	887000	Mysuru|Mysore
P	IN	17.350	76.820	483615	Kalaburagi|Gulbarga
P	IN	16.700	74.220	750000	Kolhapur
P	IN	19.170	77.300	623708	Nanded
P	IN	20.710	77.010	503502	Akola
P	IN	26.162	91.768	983000	Guwahati
P	FR	44.852	-0.597	803000	Bordeaux
P	FR	43.292	5.373	1400000	Marseille
P	FR	49.505	0.105	242124	Le Havre
P	CL	-18.500	-70.290	185999	Arica
P	CL	-29.900	-71.250	154521	La Serena
P	MK	42.000	21.433	494087	Skopje
P	LY	32.380	15.100	386120	Misrata|Misratah
P	LY	32.934	12.079	180310	Zuwara|Zuwarah
P	IQ	35.472	44.392	601433	Kirkuk
P	IQ	36.347	43.143	1316000	Mosul|Mossul
P	IQ	32.000	44.335	665552	Najaf|An Najaf|Nadschaf
P	ET	11.600	37.383	206748	Bahir Dar
P	ET	9.590	41.860	252279	Dire Dawa
P	FI	61.500	23.750	259279	Tampere
P	KZ	50.280	57.170	262457	Aqtobe|Aktobe|Aqtöbe
P	KZ	44.800	65.465	300000	Qyzylorda|Kyzylorda|Qysylorda
P	KZ	47.113	51.920	182753	Atyrau
P	KZ	52.300	76.950	329002	Pavlodar|Pawlodar
P	KZ	50.435	80.275	311353	Semey|Semei
P	KZ	49.990	82.615	319067	Oskemen|Öskemen
P	IR	31.920	54.370	477905	Yazd
P	IR	31.282	48.718	996000	Ahvaz|Ahwaz
P	IQ	30.515	47.812	870000	Basra
P	IR	27.204	56.272	461499	Bandar-e-Abbas|Bandar Abbas
P	IR	34.796	48.515	528256	Hamadan
P	IR	38.088	46.299	1413000	Tabriz|Täbris
P	IN	30.930	75.870	1649000	Ludhiana
P	IN	25.182	75.833	827000	Kota
P	IN	26.294	73.015	995000	Jodhpur
P	KZ	42.320	69.595	465392	Shymkent|Schymkent
P	KZ	42.900	71.365	358153	Taraz|Taras
P	IN	26.857	80.913	2695000	Lucknow
P	IN	29.970	77.550	484873	Saharanpur
P	IN	23.372	85.328	1044000	Ranchi
P	IN	25.230	86.980	361548	Bhagalpur
P	IN	21.237	81.633	875000	Raipur
P	IN	23.177	79.953	1285000	Jabalpur
P	IN	22.717	75.863	2026000	Indore
P	IN	11.935	79.830	227411	Puducherry|Pondicherry
P	IN	11.672	78.178	873000	Salem
P	IN	10.812	78.688	951000	Tiruchirappalli|Trichy
P	CG	-4.770	11.880	659084	Pointe-Noire
P	GN	7.760	-8.830	168121	Nzérékoré|Nzerekore
P	CI	7.690	-5.030	567481	Bouaké|Bouake
P	RE	-20.879	55.448	190047	Saint-Denis
P	BR	-9.967	-67.800	257642	Rio Branco
P	BR	-2.514	-44.268	1038000	São Luís|Sao Luis
P	BR	-8.750	-63.900	306180	Porto Velho
P	BR	-19.913	-43.917	5575000	Belo Horizonte
P	BR	-16.720	-43.860	332379	Montes Claros
P	BR	-18.900	-48.280	563536	Uberlândia|Uberlandia
P	BR	-15.568	-56.087	806000	Cuiabá|Cuiaba
P	BR	-31.750	-52.330	320674	Pelotas
P	BR	-29.180	-51.170	381270	Caxias do Sul
P	BR	-25.090	-50.160	292177	Ponta Grossa
P	BR	-5.093	-42.782	907000	Teresina
P	BR	-9.618	-35.732	1186000	Maceió|Maceio
P	BR	-14.850	-40.840	308204	Vitória da Conquista|Vitoria da Conquista
P	BR	-12.140	-45.000	158292	Barreiras
P	BR	-20.368	-40.318	1209091	Vila Velha
P	BR	-5.778	-35.242	1088000	Natal
P	IT	45.439	12.335	270816	Venice|Venedig
P	AR	-31.550	-68.520	447048	San Juan
P	AR	-38.950	-68.060	242092	Neuquén|Neuquen
P	AR	-24.783	-65.417	512686	Salta
P	AR	-26.814	-65.219	830000	Tucumán|Tucuman|San Miguel de Tucumán
P	AR	-26.173	-58.183	221383	Formosa
P	AR	-31.624	-60.690	489505	Santa Fe
P	AR	-32.949	-60.668	1203000	Rosario
P	BR	-22.898	-47.102	2791000	Campinas
P	BR	-23.490	-47.470	563281	Sorocaba
P	BR	-21.170	-47.830	551267	Ribeirão Preto|Ribeirao Preto
P	BR	-9.380	-40.510	260985	Petrolina
P	CM	5.960	10.150	445299	Bamenda
P	CM	9.300	13.390	436899	Garoua
P	AF	34.330	62.170	481009	Herat
P	AF	36.700	67.100	458151	Mazar-i-Sharif|Mazar-e Sharif|Masar-e Scharif
P	KH	13.100	103.200	154773	Battambang
P	AO	-12.578	13.407	151226	Benguela
P	BO	-21.517	-64.750	159269	Tarija
P	BB	13.102	-59.617	191152	Bridgetown
P	DZ	36.920	7.760	503524	Annaba
P	BJ	9.340	2.620	188853	Parakou
P	BJ	6.483	2.617	300000	Porto-Novo
P	DZ	36.360	6.600	605179	Constantine
P	BY	52.100	23.700	300715	Brest
P	BD	22.842	89.558	1553000	Khulna
P	AU	-16.888	145.763	154225	Cairns
P	AU	-28.082	153.448	527660	Gold Coast
P	BF	11.180	-4.290	360106	Bobo Dioulasso|Bobo-Dioulasso
P	BD	24.377	88.603	810000	Rajshahi
P	MM	21.972	96.083	1300000	Mandalay
P	MM	20.140	92.880	179032	Sittwe
P	BI	-3.376	29.360	331700	Bujumbura
P	VC	13.148	-61.212	49485	Kingstown
P	LC	14.002	-61.000	37963	Castries
P	KN	17.302	-62.717	21887	Basseterre
P	ES	28.100	-15.430	378495	Las Palmas|Las Palmas de Gran Canaria
P	-99	10.436	45.016	242344	Berbera
P	MU	-20.167	57.500	595491	Port Louis
P	PS	31.530	34.445	505700	Gaza City|Gaza
P	GD	12.053	-61.742	33734	Saint George's
P	BH	26.236	50.583	563920	Manama
P	AG	17.118	-61.850	35499	Saint John's|Saint John’s
P	TW	24.152	120.682	2629323	Taichung
P	IN	11.252	75.768	953000	Kozhikode
P	IN	20.272	85.825	844000	Bhubaneswar|Bhubaneshwar
P	IN	22.789	86.196	1300000	Jamshedpur
P	UY	-34.856	-56.173	1513000	Montevideo
P	US	46.593	-112.035	38725	Helena
P	US	46.808	-100.783	63871	Bismarck
P	US	43.609	-116.227	338071	Boise
P	US	37.302	-121.852	1668000	San Jose|San José
P	US	38.577	-121.472	1604000	Sacramento
P	US	36.212	-115.222	1823000	Las Vegas
P	US	35.687	-105.937	92681	Santa Fe
P	US	45.522	-122.682	1875000	Portland
P	US	40.777	-111.932	966000	Salt Lake City
P	US	41.140	-104.820	72927	Cheyenne
P	US	41.580	-93.620	380655	Des Moines
P	US	41.240	-96.010	877110	Omaha
P	US	35.472	-97.521	788000	Oklahoma City
P	US	44.368	-100.351	13879	Pierre
P	US	29.489	-98.509	1473000	San Antonio
P	VE	7.770	-72.250	438798	San Cristóbal|San Cristobal
P	VE	10.232	-67.982	1770000	Valencia
P	US	32.299	-90.185	250902	Jackson
P	US	35.819	-78.645	1163515	Raleigh
P	US	41.472	-81.697	1890000	Cleveland
P	US	39.164	-84.459	1636000	Cincinnati
P	US	36.172	-86.782	877000	Nashville
P	US	35.122	-90.002	1081000	Memphis
P	US	36.850	-76.280	1047869	Norfolk
P	US	43.055	-87.922	1388000	Milwaukee
P	US	42.882	-78.882	1016000	Buffalo
P	US	40.432	-80.002	1838000	Pittsburgh
P	VE	8.370	-62.620	746535	Ciudad Guayana
P	TG	6.134	1.221	1452000	Lomé|Lome
P	TN	36.803	10.180	2412500	Tunis
P	US	57.790	-152.407	9461	Kodiak
P	US	55.200	-162.715	200	Cold Bay
P	US	60.793	-161.756	6228	Bethel
P	US	68.348	-166.808	461	Point Hope
P	US	71.291	-156.789	4336	Utqiaġvik|Utqiagvik
P	US	64.506	-165.406	3485	Nome
P	US	61.136	-146.348	4036	Valdez
P	US	58.314	-134.420	30711	Juneau
P	US	64.837	-147.711	56993	Fairbanks
P	US	70.292	-148.669	2500	Prudhoe Bay
P	RU	44.600	33.465	379200	Sevastopol|Sevastapol|Sewastopol
P	AE	24.467	54.367	603492	Abu Dhabi
P	TM	37.950	58.383	727700	Ashgabat|Aşgabat
P	UZ	39.670	66.945	708000	Samarkand|Samarqand
P	ZM	-15.415	28.281	1328000	Lusaka
P	ZW	-17.816	31.043	1572000	Harare
P	ZW	-20.170	28.580	699385	Bulawayo
P	TL	-8.559	125.579	234331	Dili
P	VU	-17.733	168.317	44040	Port Vila
P	HN	14.104	-87.219	946000	Tegucigalpa
P	GY	6.802	-58.167	264350	Georgetown
P	IS	64.150	-21.950	166212	Reykjavík|Reykjavik
P	HT	18.543	-72.338	1998000	Port-au-Prince
P	GB	55.876	-4.253	1160000	Glasgow
P	UG	0.319	32.581	1420000	Kampala
P	YE	12.780	45.009	1000000	Aden
P	SR	5.835	-55.167	254169	Paramaribo
P	ES	37.405	-5.980	1212045	Seville|Sevilla
P	NE	13.800	8.983	230358	Zinder
P	NE	13.519	2.115	915000	Niamey
P	SD	19.616	37.216	489725	Port Sudan|Bur Sudan
P	TJ	38.560	68.774	1086244	Dushanbe|Duschanbe
P	PE	-13.525	-71.972	361182	Cusco|Cuzco
P	PE	-18.000	-70.250	280098	Tacna
P	PE	-8.120	-79.020	765171	Trujillo
P	PE	-14.068	-75.725	279420	Ica
P	PY	-25.294	-57.643	1870000	Asunción|Asuncion
P	NI	12.155	-86.270	920000	Managua
P	SL	8.472	-13.236	827000	Freetown
P	NE	16.996	7.983	117770	Agadez
P	SD	12.060	24.890	392373	Nyala|Niyala
P	SS	7.700	27.990	127384	Wau
P	SD	19.167	30.483	26404	Dongola|Karma|Dunqula
P	SD	15.460	36.390	401477	Kassala
P	NO	69.635	18.992	52436	Tromsø|Tromso
P	NO	63.417	10.417	147139	Trondheim
P	NO	60.391	5.325	213585	Bergen
P	PK	33.702	73.165	780000	Islamabad
P	PK	30.202	71.453	1522000	Multan
P	PK	25.382	68.373	1459000	Hyderabad
P	PK	34.007	71.533	1303000	Peshawar|Peschawar
P	NP	27.719	85.315	895000	Kathmandu
P	MZ	-14.519	40.715	224795	Nacala
P	ZA	-29.120	26.230	463064	Bloemfontein
P	ZA	-25.705	28.227	1338000	Pretoria
P	PG	-9.465	147.193	283733	Port Moresby
P	SB	-9.438	159.950	76328	Honiara
P	PA	8.970	-79.535	1281000	Panama City|Panama-Stadt
P	MA	34.057	-5.002	1002000	Fez|Fès
P	MA	34.025	-6.836	1705000	Rabat
P	MA	31.632	-8.002	872000	Marrakesh|Marrakesch
P	MD	47.005	28.858	688134	Chișinău|Chisinau
P	MZ	-19.820	34.870	530604	Beira
P	ZA	-33.968	25.598	1021000	Port Elizabeth|Gqeberha
P	MZ	-25.953	32.587	1446000	Maputo
P	RU	56.495	84.975	535479	Tomsk
P	RU	64.737	177.475	10332	Anadyr
P	RU	68.970	33.100	319263	Murmansk
P	RU	64.575	40.545	356051	Archangel|Arkhangelsk|Archangelsk
P	RU	56.335	43.998	1278000	Nizhny Novgorod|Nischni Nowgorod
P	RU	48.712	44.498	984000	Volgograd|Wolgograd
P	RU	54.792	56.038	1018000	Ufa
P	RU	56.852	60.598	1313000	Yekaterinburg|Jekaterinburg
P	RU	53.197	50.149	1137000	Samara
P	RU	55.752	49.124	1115000	Kazan|Kasan
P	RU	61.260	73.425	400000	Surgut
P	RU	53.355	83.745	599579	Barnaul
P	RU	55.032	82.958	1389000	Novosibirsk|Nowosibirsk
P	SO	2.069	45.365	1100000	Mogadishu|Mogadischu
P	OM	23.613	58.593	734697	Muscat|Maskat
P	LK	6.932	79.858	217000	Colombo
P	PH	10.322	123.898	815000	Cebu|Cebu City
P	PH	10.705	122.545	387681	Iloilo|Iloilo City
P	PH	7.112	125.628	1402000	Davao|Davao City
P	RU	56.157	101.615	246348	Bratsk
P	RU	52.320	104.245	586695	Irkutsk
P	RU	56.016	92.864	925000	Krasnoyarsk|Krasnojarsk
P	RU	73.507	80.545	1113	Dikson
P	RU	52.055	113.465	308500	Chita|Tschita
P	RU	43.130	131.910	587022	Vladivostok|Wladiwostok
P	RU	71.433	136.067	400	Nizhneyansk|Nischnejansk
P	RU	62.035	129.735	235600	Yakutsk|Jakutsk
P	RU	71.627	128.835	5700	Tiksi
P	RU	59.575	150.810	95282	Magadan
P	MX	32.502	-117.082	1553000	Tijuana
P	MX	28.647	-106.087	793000	Chihuahua|Chihuahua City
P	MX	23.221	-106.420	368204	Mazatlán|Mazatlan|Juarez
P	MX	22.300	-97.870	859419	Tampico|Ciudad Madero Tamaulipas
P	MX	16.850	-99.916	715584	Acapulco|Acapulco de Juárez
P	MX	19.177	-96.160	578963	Veracruz
P	MX	16.750	-93.150	481128	Tuxtla Gutiérrez|Tuxtla Gutierrez
P	MX	21.170	-86.830	542043	Cancún|Cancun
P	MX	20.969	-89.619	965000	Mérida|Merida
P	NG	6.450	7.500	688862	Enugu
P	NG	13.060	5.240	732178	Sokoto
P	RU	58.002	56.248	997000	Perm
P	MN	49.053	104.118	79647	Erdenet
P	MN	47.919	106.915	885000	Ulaanbaatar
P	TZ	-8.890	33.430	291649	Mbeya
P	NA	-22.570	17.084	268132	Windhoek
P	NA	-19.567	18.117	24099	Grootfontein
P	TZ	-6.160	39.200	403658	Zanzibar|Zanzibar City|Sansibar
P	ES	39.487	-0.402	808000	Valencia
P	RU	59.084	159.950	3671	Palana
P	RU	53.062	158.623	187282	Petropavlovsk-Kamchatsky|Petropavlovsk Kamchatskiy|Petropawlowsk-Kamtschatski
P	NG	9.085	7.531	1576000	Abuja
P	ID	-0.958	100.358	855000	Padang
P	GW	11.865	-15.598	403339	Bissau
P	IT	38.127	13.348	863000	Palermo
P	JO	31.952	35.931	1060000	Amman
P	LT	54.683	25.317	542366	Vilnius
P	LV	56.950	24.100	742572	Riga
P	KG	42.875	74.583	837000	Bishkek|Bischkek
P	CN	39.820	98.300	148279	Jiayuguan|Jiayuguan City
P	CN	36.622	101.768	1048000	Xining
P	CN	25.282	110.278	987000	Guilin
P	CN	32.632	116.978	1451000	Huainan
P	CN	23.372	116.668	1601000	Shantou
P	ID	3.300	117.633	193069	Tarakan
P	KE	-4.038	39.688	882000	Mombasa
P	LS	-29.317	27.483	361324	Maseru
P	MG	-18.915	47.515	1697000	Antananarivo
P	ID	-6.965	110.418	1396000	Semarang
P	ID	-2.978	104.748	1749000	Palembang
P	ID	-3.330	114.580	603576	Bandjarmasin|Banjarmasin
P	ID	-5.138	119.430	1262000	Makassar
P	FR	45.772	4.828	1423000	Lyon
P	EC	-0.213	-78.502	1701000	Quito
P	CR	9.937	-84.086	1284000	San José|San Jose
P	SV	13.712	-89.205	1433000	San Salvador
P	JM	17.977	-76.767	937700	Kingston
P	CO	10.402	-75.516	887000	Cartagena
P	CO	1.198	-70.174	5917	Mitú|Mitu
P	CD	2.190	22.460	160539	Bumba
P	TD	12.115	15.047	989000	N'Djamena|Ndjamena|N’Djamena
P	TD	13.840	20.830	158317	Abéché|Abeche
P	GQ	3.750	8.783	155963	Malabo
P	EG	25.700	32.650	609248	Luxor
P	ER	15.333	38.933	620802	Asmara
P	HR	45.800	16.000	722526	Zagreb
P	EE	59.434	24.728	394024	Tallinn
P	CN	29.645	91.100	219599	Lhasa
P	CN	42.827	93.515	580000	Hami|Yizhou
P	CN	37.100	79.927	408894	Hotan
P	CN	39.476	75.970	506640	Kashgar|Kashgar City|Kaxgar
P	CN	38.470	106.271	991000	Yinchuan
P	CN	27.622	113.848	961000	Pingxiang
P	JP	32.765	129.885	435455	Nagasaki
P	CN	47.347	123.988	1641000	Qiqihar
P	CD	-5.030	18.850	637736	Kikwit
P	CD	-5.817	13.450	245862	Matadi
P	CD	-10.717	25.472	418000	Kolwezi
P	CD	-11.678	27.478	1352000	Lubumbashi
P	MW	-13.983	33.783	646750	Lilongwe
P	GT	14.623	-90.529	1024000	Guatemala City|Guatemala|Guatemala-Stadt
P	GF	4.933	-52.330	61550	Cayenne
P	GA	0.385	9.458	578156	Libreville
P	IN	17.732	83.303	1529000	Vishakhapatnam|Visakhapatnam
P	FJ	-18.133	178.442	175399	Suva
P	GA	-0.720	8.780	116836	Port-Gentil
P	ML	16.767	-3.017	68872	Timbuktu
P	CL	-53.165	-70.940	117430	Punta Arenas
P	CL	-20.250	-70.130	227499	Iquique
P	CL	-23.650	-70.400	309832	Antofagasta
P	CL	-33.046	-71.623	854000	Valparaíso|Valparaiso
P	CL	-39.795	-73.245	159599	Valdivia
P	CL	-36.830	-73.050	889725	Concepción|Concepcion
P	CL	-41.470	-72.930	174629	Puerto Montt
P	GL	64.198	-51.733	14798	Nuuk
P	MR	18.086	-15.975	742144	Nouakchott
P	ML	12.652	-8.002	1494000	Bamako
P	MR	20.517	-13.050	44265	Atar
P	ML	13.900	-4.550	32944	Djenné|Djenne
P	LY	27.033	14.433	100249	Sabha
P	LY	32.119	20.065	1180000	Banghazi|Benghazi|Bengasi
P	GR	40.698	22.883	828000	Thessaloniki
P	LB	33.874	35.508	1846000	Beirut
P	GE	41.727	44.789	1100000	Tbilisi|Tiflis
P	ET	12.610	37.460	156230	Gondar|Gonder
P	KZ	51.181	71.428	345604	Nur-Sultan|Astana
P	KZ	49.885	73.115	451800	Qaraghandy|Karaganda
P	KZ	43.327	76.913	1209000	Almaty
P	IR	32.702	51.698	1628000	Isfahan
P	IR	29.632	52.568	1240000	Shiraz|Schiras
P	IN	31.642	74.868	1212000	Amritsar
P	IN	25.332	82.998	1352000	Varanasi
P	IN	23.685	86.981	1328000	Asansol
P	IN	21.219	81.431	1097000	Bhilai
P	IN	23.252	77.408	1727000	Bhopal
P	IN	9.922	78.118	1294000	Madurai
P	IN	11.002	76.948	1696000	Coimbatore
P	LA	17.967	102.600	754000	Vientiane
P	CG	-4.257	15.283	1355000	Brazzaville
P	GN	9.533	-13.682	1494000	Conakry
P	CI	6.818	-5.276	206499	Yamoussoukro
P	BR	-7.630	-72.670	56862	Cruzeiro do Sul
P	CO	-4.201	-69.955	59575	Leticia
P	BR	-3.098	-60.002	1753000	Manaus
P	BR	-4.833	-43.350	134640	Caxias
P	BR	-2.433	-54.700	230428	Santarém|Santarem
P	BR	-5.350	-49.116	166182	Marabá|Maraba
P	BR	-12.717	-60.117	63231	Vilhena
P	BR	-10.833	-61.967	65016	Ji-Paraná|Ji-Parana
P	BR	-20.448	-54.619	778000	Campo Grande
P	BR	-27.578	-48.522	1023000	Florianópolis|Florianopolis
P	BR	-12.250	-38.970	481911	Feira de Santana
P	CA	49.883	-97.166	632063	Winnipeg
P	CA	58.766	-94.166	1000	Churchill
P	CA	50.450	-104.617	176183	Regina
P	CA	52.170	-106.670	198958	Saskatoon
P	CA	51.085	-114.082	1110000	Calgary
P	CA	54.317	-130.330	14708	Prince Rupert
P	CA	48.433	-123.350	289625	Victoria
P	CA	73.033	-85.167	604	Arctic Bay
P	CA	74.683	-94.900	250	Resolute|Resolute Bay
P	CA	66.529	-86.283	1000	Naujaat|Repulse Bay
P	CA	62.442	-114.397	19234	Yellowknife
P	CA	66.267	-128.633	597	Fort Good Hope
P	CA	60.717	-135.050	23276	Whitehorse
P	BR	2.816	-60.666	235150	Boa Vista
P	BR	0.033	-51.050	499166	Macapá|Macapa
P	CA	45.419	-75.702	1145000	Ottawa
P	CA	55.983	-87.650	125	Fort Severn
P	CA	48.446	-89.275	99334	Thunder Bay
P	CA	46.840	-71.246	624177	Québec|Quebec|Quebec City
P	CA	44.650	-63.600	359111	Halifax
P	CA	47.585	-52.681	131469	
P	CA	56.547	-61.686	1151	Nain
P	CA	46.249	-63.131	42402	Charlottetown
P	CF	8.409	20.653	11764	N'Délé|Ndele|Ndélé
P	RS	44.821	20.466	1099000	Belgrade|Belgrad
P	CF	5.400	26.500	12887	Obo
P	BN	4.883	114.933	296500	Bandar Seri Begawan
P	AR	-47.750	-65.900	3305	Puerto Deseado
P	AR	-51.633	-69.217	85700	Río Gallegos|Rio Gallegos
P	AR	-45.870	-67.500	140850	Comodoro Rivadavia
P	AR	-32.881	-68.819	893000	Mendoza
P	BO	-19.041	-65.260	224838	Sucre
P	BO	-10.983	-66.100	74014	Riberalta
P	AR	-38.740	-62.265	281536	Bahía Blanca|Bahia Blanca
P	AR	-38.000	-57.580	555897	Mar del Plata
P	AR	-31.398	-64.184	1452000	Córdoba|Cordoba
P	AR	-27.358	-55.885	357119	Posadas
P	BZ	17.252	-88.767	15220	Belmopan
P	CF	4.367	18.558	831925	Bangui
P	CM	10.596	14.325	319941	Maroua
P	CM	3.869	11.515	1611000	Yaoundé|Yaounde
P	AL	41.328	19.819	895350	Tirana
P	AM	40.183	44.512	1102000	Yerevan|Jerewan
P	AZ	40.397	49.860	2122300	Baku
P	AF	31.610	65.695	715542	Kandahar
P	KH	11.552	104.915	1466000	Phnom Penh
P	AO	-14.667	17.700	13030	Menongue
P	AO	-12.748	15.758	1100000	Huambo
P	BO	-16.496	-68.152	1590000	La Paz
P	BO	-17.752	-63.228	2102998	Santa Cruz|Santa Cruz de la Sierra
P	DZ	35.712	-0.622	798000	Oran
P	BJ	6.402	2.518	762000	Cotonou
P	DZ	22.785	5.523	76000	Tamanrasset
P	DZ	32.490	3.670	125480	Ghardaia
P	BG	42.685	23.315	1185000	Sofia
P	BY	53.902	27.565	1805000	Minsk
P	BT	27.473	89.639	98676	Thimphu
P	BW	-24.646	25.912	208411	Gaborone
P	AU	-12.425	130.850	93080	Darwin
P	AU	-23.701	133.880	27710	Alice Springs
P	AU	-35.283	149.129	327700	Canberra
P	AU	-32.845	151.815	540796	Newcastle
P	AU	-34.933	138.598	1145000	Adelaide
P	AU	-19.250	146.770	138954	Townsville
P	AU	-27.453	153.033	1860000	Brisbane
P	AU	-42.850	147.295	80870	Hobart
P	BF	12.372	-1.527	1149000	Ouagadougou
P	BA	43.850	18.383	696731	Sarajevo
P	MM	19.769	96.117	930000	Naypyidaw
P	PR	18.440	-66.130	2478905	San Juan
P	FK	-51.700	-57.850	2213	Stanley
P	BM	32.294	-64.784	52320	Hamilton
P	TO	-21.139	-175.221	42620	Nuku'alofa|Nukualofa|Nukuʻalofa
P	-99	9.560	44.065	477876	Hargeisa|Hargeysa
P	SC	-4.617	55.450	33576	Victoria
P	ST	0.333	6.733	88219	São Tomé|Sao Tome
P	WS	-13.842	-171.739	61916	Apia
P	MT	35.900	14.515	368250	Valletta
P	MV	4.167	73.500	112927	Malé|Male
P	IL	31.778	35.207	1029300	Jerusalem
P	CV	14.917	-23.517	113364	Praia
P	BS	25.083	-77.350	227940	Nassau
P	CY	35.167	33.367	224300	Nicosia|Nikosia
P	TW	22.633	120.267	2769072	Kaohsiung
P	CN	22.554	114.120	7581000	Shenzhen
P	CN	36.802	118.048	3061000	Zibo
P	US	44.982	-93.254	2616000	Minneapolis
P	US	21.309	-157.860	786000	Honolulu
P	US	47.572	-122.342	3074000	Seattle
P	US	33.542	-112.072	3551000	Phoenix
P	US	32.822	-117.182	2916000	San Diego
P	US	38.637	-90.242	2199000	
P	US	29.997	-90.042	785000	New Orleans
P	US	32.822	-96.842	4798000	Dallas
P	VE	10.732	-71.662	2072000	Maracaibo
P	US	42.332	-71.072	4467000	Boston
P	US	27.949	-82.461	2314000	Tampa
P	US	40.002	-75.172	5492000	Philadelphia
P	US	42.332	-83.082	4101000	Detroit
P	US	61.220	-149.900	260283	Anchorage
P	VN	21.035	105.848	4378000	Hanoi
P	VN	10.782	106.693	5314000	Ho Chi Minh City|Ho-Chi-Minh-Stadt
P	TR	39.929	32.862	3716000	Ankara
P	HU	47.502	19.081	1679000	Budapest
P	YE	15.357	44.205	2008000	Sanaa
P	ES	41.385	2.181	4920000	Barcelona
P	RO	44.435	26.098	1942000	Bucharest|Bukarest
P	SY	36.232	37.168	2738000	Aleppo
P	SY	33.502	36.298	2466000	Damascus|Damaskus
P	CH	47.382	8.548	1108000	Zürich|Zurich
P	PT	38.725	-9.147	2812000	Lisbon|Lissabon
P	SD	15.590	32.532	4754000	Khartoum|Khartum
P	SA	21.519	39.217	3012000	Jeddah|Dschidda
P	SA	21.432	39.818	1385000	Makkah|Mecca|Mekka
P	NO	59.919	10.748	835000	Oslo
P	PK	31.562	74.348	6577000	Lahore
P	PK	24.872	66.988	12130000	Karachi|Karatschi
P	ZA	-29.863	30.978	2729000	Durban
P	RU	59.941	30.314	4553000	Saint Petersburg|Sankt Petersburg
P	MX	20.672	-103.332	4198000	Guadalajara
P	MX	19.052	-98.202	2195000	Puebla|Puebla City
P	NG	12.002	8.518	3140000	Kano
P	PL	52.252	20.998	1707000	Warsaw|Warschau
P	KP	39.021	125.753	3300000	Pyongyang|Pjöngjang
P	TZ	-6.798	39.266	2930000	Dar es Salaam|Daressalam
P	ID	3.582	98.648	2115000	Medan
P	IE	53.335	-6.251	1059000	Dublin
P	LR	6.315	-10.800	1041000	Monrovia
P	IT	40.842	14.243	2250000	Naples|Neapel
P	IT	45.472	9.203	2945000	Milan|Mailand
P	MY	3.169	101.698	1448000	Kuala Lumpur
P	CN	36.058	103.790	2561000	Lanzhou
P	CN	22.822	108.318	2167000	Nanning
P	CN	26.582	106.718	3662000	Guiyang
P	CN	29.567	106.593	6461000	Chongqing
P	CN	26.082	119.298	2606000	Fuzhou
P	CN	23.147	113.323	8829000	Guangzhou
P	CN	23.051	113.743	4528000	Dongguan
P	ID	-6.948	107.568	2394000	Bandung
P	ID	-7.247	112.749	2845000	Surabaya
P	EC	-2.218	-79.922	2514000	Guayaquil
P	CO	6.277	-75.577	3297000	Medellín|Medellin
P	CO	3.402	-76.502	2254000	Cali
P	CU	23.134	-82.366	2174000	Havana|Havanna
P	EG	31.202	29.948	4165000	Alexandria
P	DE	50.100	8.675	2895000	Frankfurt
P	DE	53.552	9.998	1757000	Hamburg
P	DE	48.132	11.573	1275000	Munich|München
P	CZ	50.085	14.464	1162000	Prague|Prag
P	KW	29.372	47.976	2063000	Kuwait City|Kuwait
P	CN	34.277	108.893	4009000	Xian|Xi'an|Xi’an
P	CN	37.877	112.543	2913000	Taiyuan
P	CN	30.582	114.268	7243000	Wuhan
P	CN	28.202	112.968	2604000	Changsha
P	CN	25.072	102.678	2931000	Kunming
P	CN	34.757	113.663	2636000	Zhengzhou
P	CN	41.807	123.448	4787000	Shenyeng|Shenyang
P	CN	36.677	116.993	2798000	Jinan
P	CN	39.132	117.198	7180000	Tianjin
P	CN	28.682	115.878	2350000	Nanchang
P	CN	32.052	118.778	3679000	Nanjing
P	CN	30.252	120.168	3007000	Hangzhou
P	JP	34.390	132.441	2045000	Hiroshima
P	CN	43.867	125.338	3183000	Changchun
P	CN	40.654	109.820	2036000	Baotou
P	CN	45.752	126.648	3621000	Harbin
P	JP	43.077	141.338	2544000	Sapporo
P	DO	18.472	-69.902	2154000	Santo Domingo
P	GH	5.552	-0.219	2121000	Accra
P	IN	28.672	77.228	15926000	Delhi
P	IN	17.402	78.478	6376000	Hyderabad
P	IN	18.532	73.848	4672000	Pune
P	IN	21.172	79.088	2454000	Nagpur
P	LY	32.892	13.180	2189000	Tripoli|Tripolis
P	IL	32.082	34.768	3112000	Tel Aviv|Tel Aviv-Yafo|Tel Aviv-Jaffa
P	FI	60.178	24.932	1115000	Helsinki
P	IR	36.272	59.568	2469000	Mashhad|Maschhad
P	IN	26.923	75.808	2917000	Jaipur
P	IN	26.462	80.318	3162000	Kanpur
P	IN	25.627	85.128	2158000	Patna
P	IN	13.092	80.278	7163000	Chennai
P	IN	23.032	72.578	5375000	Ahmedabad
P	IN	21.202	72.838	3842000	Surat
P	DK	55.681	12.562	1085000	København|Kobenhavn|Copenhagen|Kopenhagen
P	CI	5.322	-4.042	3802000	Abidjan
P	BR	-1.448	-48.482	2167000	Belém|Belem
P	BR	-15.781	-47.918	3716996	Brasília|Brasilia
P	BR	-30.048	-51.202	3917000	Porto Alegre
P	BR	-25.418	-49.322	3084000	Curitiba
P	BR	-3.748	-38.582	3602319	Fortaleza
P	BR	-12.968	-38.482	3484000	Salvador|Salvador da Bahía
P	CA	53.552	-113.502	1058000	Edmonton
P	CA	45.502	-73.585	3678000	Montréal|Montreal
P	BR	-16.718	-49.302	2022000	Goiânia|Goiania
P	BR	-8.074	-34.918	3651000	Recife
P	BE	50.835	4.331	1743000	Brussels|Brüssel
P	BD	23.725	90.407	12797394	Dhaka
P	AO	-8.836	13.232	5172900	Luanda
P	DZ	36.765	3.049	3354000	Algiers|Algier
P	BD	22.332	91.798	4529000	Chattogram|Chittagong
P	AU	-31.953	115.838	1532000	Perth
P	MM	16.785	96.165	4088000	Yangon|Rangoon|Rangun
P	US	37.769	-122.417	3450000	San Francisco
P	US	39.741	-104.986	2313000	Denver
P	US	29.822	-95.342	4459000	Houston
P	US	25.790	-80.226	5585000	Miami
P	US	33.832	-84.402	4506000	Atlanta
P	US	41.832	-87.752	8990000	Chicago
P	VE	10.503	-66.919	2985000	Caracas
P	UA	50.435	30.515	2709000	Kyiv|Kiev|Kiew
P	AE	25.232	55.278	1379000	Dubai
P	UZ	41.314	69.293	2184000	Tashkent|Taschkent
P	ES	40.402	-3.685	5567000	Madrid
P	CH	46.210	6.140	1240000	Geneva|Genf
P	SE	59.353	18.095	1264000	Stockholm
P	TH	13.752	100.515	6704000	Bangkok
P	PE	-12.046	-77.052	8012000	Lima
P	SN	14.718	-17.475	2604000	Dakar
P	ZA	-26.168	28.028	3435000	Johannesburg
P	NL	52.352	4.915	1031000	Amsterdam
P	MA	33.602	-7.618	3181000	Casablanca
P	KR	37.568	126.998	9796000	Seoul
P	PH	14.606	120.980	11100000	Manila
P	MX	25.672	-100.332	3712000	Monterrey
P	DE	52.524	13.400	3406000	Berlin
P	CN	43.807	87.573	3575000	Ürümqi|Urumqi
P	CN	30.672	104.068	4123000	Chengdu
P	JP	34.752	135.458	11294000	Ōsaka|Osaka
P	CD	-4.328	15.313	7843000	Kinshasa
P	IN	28.600	77.200	317797	New Delhi|Neu-Delhi
P	IN	12.972	77.558	6787000	Bengaluru
P	GR	37.985	23.731	3242000	Athens|Athen
P	IQ	33.341	44.392	5054000	Baghdad|Bagdad
P	ET	9.035	38.698	3100000	Addis Ababa|Addis Abeba
P	IR	35.674	51.422	7873000	Tehran|Teheran
P	CA	49.275	-123.124	2313328	Vancouver
P	CA	43.702	-79.422	5213000	Toronto
P	AR	-34.601	-58.399	12795000	Buenos Aires
P	AF	34.519	69.181	3277000	Kabul
P	AT	48.202	16.365	2400000	Vienna|Wien
P	AU	-37.818	144.973	4170000	Melbourne
P	TW	25.036	121.568	6900273	Taipei|Taipeh
P	US	33.992	-118.182	12500000	Los Angeles
P	US	38.901	-77.011	4338000	Washington
P	US	40.752	-73.982	19040000	New York|New York City
P	GB	51.502	-0.119	8567000	London
P	TR	41.107	29.008	10061000	Istanbul
P	SA	24.643	46.771	4465000	Riyadh|Riad
P	ZA	-33.918	18.433	3215000	Cape Town|Kapstadt
P	RU	55.754	37.614	10452000	Moscow|Moskau
P	MX	19.444	-99.133	19028000	Mexico City|Mexiko-Stadt
P	NG	6.445	3.390	9466000	Lagos
P	IT	41.898	12.481	3339000	Rome|Rom
P	CN	39.931	116.386	11106000	Beijing|Peking
P	KE	-1.281	36.815	3010000	Nairobi
P	ID	-6.172	106.827	9125000	Jakarta
P	CO	4.598	-74.085	7772000	Bogota|Bogotá
P	EG	30.052	31.248	11893000	Cairo|Kairo
P	CN	31.218	121.435	14987000	Shanghai
P	JP	35.687	139.749	35676000	Tokyo|Tokio
P	IN	19.019	72.855	18978000	Mumbai
P	FR	48.869	2.331	9904000	Paris
P	CL	-33.448	-70.669	5720000	Santiago|Santiago de Chile
P	IN	22.497	88.323	14787000	Kolkata|Kalkutta
P	BR	-22.923	-43.227	11748000	Rio de Janeiro
P	BR	-23.557	-46.627	18845000	São Paulo|Sao Paulo
P	AU	-33.918	151.183	4630000	Sydney
P	SG	1.295	103.854	5183700	Singapore|Singapur
P	HK	22.307	114.183	7206000	Hong Kong|Hongkong
P	NZ	-36.852	174.554	208100	Waitakere|Waitakere City
P	NZ	-36.791	174.776	205605	North Shore|North Shore City
P	NZ	-37.000	174.885	375600	Manukau|Manukau City
P	NZ	-41.300	174.783	393400	Wellington
P	NZ	-43.535	172.630	363200	Christchurch
P	NZ	-36.848	174.763	1377200	Auckland
P	IN	16.534	80.524	5800000	Amaravati
